:200000000040002041C6000001C9011001C9011001C9011001C9011001C9011001C9011057
:1C00200001C9011001C9011001C9011001C9011001C9011001C901103FC9011089
:20003C002DE9F04FD64C04F108012046ADF1440D0BF0F2FF04F130050021284600F05AFBF0
:20005C00D04904F1700641F2883201233046E5600CF0AEF9002001460BF090FBDFF85083FA
:20007C001F22062360604146102003F013FE00255020ADF822004FF44871ADF82410D34F2C
:20009C008DF8375004F15102ADF826504FF47A70FD811E21ADF828004FF4427003F008F836
:2000BC0040F20730072104F1200203F001F84FF4447001210DF1370202F0FAFF40F21130E2
:2000DC0002210DF1220202F0F3FF40F21230022109AA02F0EDFF40F2133002210DF12602F5
:2000FC0002F0E6FF4FF4457002210AAA02F0E0FF04F13C002A461523C9490090102003F0CF
:20011C00C9FD414610200622A02303F0C3FD414610200722A02303F0BDFD41461020082277
:20013C00A02303F0B7FD414610200922A02303F0B1FDA9460120BB4D8DF8380003468DF850
:20015C0039004FF480628DF83A901E468DF83C9029468DF83B6010200EAE009603F09AFD86
:20017C000DF139002946009040F202420123102003F090FD0DF13A00294640F203420123A1
:20019C000090102003F086FD0DF13B00294640F2064201230090102003F07CFD0FA8294675
:2001BC004FF4836201230090102003F073FDBF4910204FF0FF3203F06DFDBD4910204FF03A
:2001DC00FF3203F067FD1020DFF80CA3C34BC44A009051460193132303F05CFDC14E3078B5
:2001FC0080000EF0DFFDC04D0146B846E960C1B14FF6FF700CF0CAFF307880000EF0D2FD0E
:20021C000146296169B14FF6FF700CF0BFFFC14B10205146009005F11C020193122303F036
:20023C0039FD06AE4946022230460AF02DF90420BD498DF83D000A6804AF3A600979397198
:20025C003188EB1C03200DF13D02198002272F70012168700BF0E0F8052104AA04200BF041
:20027C00DBF8E91C98F8017098F800001091BFB904F11401C8F820100DF0E6FA08F15407B5
:20029C00CDF80090024608F14400019008F11C060297BC49039698F80230102003F0FAFCAA
:2002BC0004F1180004F12802B749A860102003F0F1FC20780DF0C8FAB4490246102003F01F
:2002DC00E9FC20780DF0C0FAB1490246102003F0E1FCB049102003F0DDFC60684946A5A3F8
:2002FC000A460DF026FCDFF8B8B2DFF8ACA2A068AA4A00214FF0FF3300F000FA5FEA000943
:20031C00F5D0002007900DF1360107AA08A80DF08FF800287ED1BDF8201001200746102928
:20033C0073D120789DF8361088426ED1079E30884FF6FF71814268D03378913B3FD01F3BF4
:20035C0063D17078162818BF002005D138460DF0A7FC3846CAF80060E369A8B9317960687D
:20037C007E2904D07F291CD13189AAA301E0317AACA30091002205210DF0DBFB11E0C046CC
:20039C0008020020D5E90000A3B94FF6FD709F499F4A00900023102003F07CFCE369C2B26C
:2003BC0042B131790836304600F0ACF92DE0C046E1D2000043F002030027E36125E07378E2
:2003DC000E3B05D09B1E1CD01FE0C046C0070020B08842F20301814217D1B1680E78A6B939
:2003FC00491C04A80A684968026004AE41603078BE4904AA00F0FD003070102003F04AFCA5
:20041C0003E00820002104F077FE079810B10FB10EF08EFC5FEAD970C0F0D080C8E0C04643
:20043C0029A00000D9350000E668304600F06EF9864208BF002702D087680BF03DFB381CB0
:20045C0000F0B6803888401E00F0AC80401E76D0801E4BD0001F2DD0083840F0A680E069C8
:20047C0080081ED3DAF80060DEB1708831790836324600F04FF90646162E03D0042E01D030
:20049C000DF00EFCE36966B933F00203E36108D15E495F4A4FF6FD7001230090102003F0B0
:2004BC00F9FB78680BF008FB7FE0C04615DE000059E00000786806783EB1CDF800B0606833
:2004DC00042100225BA30DF034FBCDF800B08649B8F810200023E1E7C5D90000A00301003E
:2004FC00A40B0020694F0020480E00207968BE7862680878D6B1012E0ED0022E07D0032E96
:20051C001BD1002808BF4FA311D053A309E0A0B957A30CE0AC030100002808BF58A306D083
:20053C005BA3009003E0C046050401005DA31046022100220DF0FDFA79680846B2E7BE7891
:20055C00606826B1B61E30D169785AA30BE010990A880DF1320632809DF832109DF8332060
:20057C0057A341EA02210091002204210DF0E1FA1BE0C046424C4520506572697068657234
:20059C00616C00C01BC80000E9E200005188011031810110C5AB00101C200020010000C0BA
:2005BC0040E20100B87804F0C5FB38460BF084FAE06800F0B3F800283FF436AF5FEA59005C
:2005DC00FFF495AE4A4800F0ADF84648B0F9000000283FF58CAE0DF12A000021052209F06C
:2005FC0053FF4048068805210DF12A028DF82A6030128DF82B0004200AF00EFF009660689D
:20061C000421002232A30DF094FA70E68DBC0000A9E500004D54552053697A653A20256456
:20063C0000C046C046432056696F6C617465643A2025640050617373636F64653A202564FF
:20065C0000C046C0426F6E642073617665207375636365737300C046426F6E64207361765A
:20067C0065206661696C65643A20256400C046C0426F6E64696E67207375636365737300F1
:20069C0050616972696E6720737563636573730050616972696E67206661696C3A202564F2
:2006BC0000C046C050616972696E672073746172746564004368617220333A20256400C003
:2006DC004368617220313A202564206D6D00C046424C452043484152353A20256420636D33
:2006FC0000C046C0CE16002081D4000095B4001078020020DFF800F0A1B60110DFF800F0D6
:20071C00F99B0110DFF800F089840110DFF800F019BD0110DFF800F0DDFE0010DFF800F00C
:20073C004FBF0110DFF800F01FBE01102DE9F04FD04C04F118012046ADF1340D0BF06CFCA2
:20075C00D24D002604F1A40A4FF6FF700123667032462082294650460BF02AFECC4802236C
:20077C00324629460BF024FECF480423324629460BF01EFE04F14408042010223146A070FF
:20079C00404609F081FE04F1540910224846314609F07AFE04F11C073E6004F10A052E70ED
:2007BC0007206072DFF80CB3E67102222672594610200346CDF8008003F06CFA1020032270
:2007DC005946CDF80090034603F064FA0422102059460097134603F05DFA4FF0080A4FF0B0
:2007FC0003094FF0010B05F12A00079005F17900089005F11E00099005F15A000A902435D8
:20081C000B9517E06078A28FE18FB4F84050B4F8423006280ED1ADF80A20ADF80C10ADF810
:20083C000E509B48ADF8103000F038FA584602A907F09CFEA069B64A31464FF0FF33FFF793
:20085C005DFF071CF6D0059606A80DF11A0105AA0CF0EEFD002840F0C181BDF81810207830
:20087C00102940F0B7819DF81A10884240F0B281059D29884FF6FF728A4200F0A0812B7846
:20089C00A23B00F083812E3B40F0A481A978B046002900F03F81891E00F00E81491E012906
:2008BC0040F2D680891E00F09A80491E6ED0491E5BD0083900F05A81891E40F05D8194F85F
:2008DC003A10A8880529ADF8080046D070488DF812B000F0E3F994F83A0001281ED00428BD
:2008FC001CD003280DD002280BD00598C188ADF80A100189ADF80C104189ADF80E1081895C
:20091C0027E0A18FE08FADF80A10B4F84020ADF80C00B4F84210ADF80E201AE0A08FE9882E
:20093C008842D8BF081CADF80A002989E08F8842D8BF081CADF80C006989B4F84000884268
:20095C00D8BF081CADF80E00A989B4F84200884200DC0846ADF8100001E08DF81260AB4978
:20097C00102002AA03F096F906E14F4800F096F96B78002B40F00081E88860822889A0821C
:20099C006889E08242480EF027F8F5E0AA88B649102003F07FF907984146062209F074FDE8
:2009BC006682A682E682A8792073394800F076F93D4800F073F9D8464FF6FF70237920821E
:2009DC0053B9A879082814BF042005206070A069594600F067F9CFE084F80190CCE06B786F
:2009FC007BBB291D0A6807980260898881800623637068892082E8896082288AA082688A32
:200A1C0094F83A10E082E8780129E07218BF02290BD19B4910201F2203F03CF94FF47A711D
:200A3C0080B241431A480CF07DFA68890423009092490193EA7810202D1D2B4603F02AF995
:200A5C009DE06878312840F08E80E67004202EE06B78002B40F08780A878E189627803282A
:200A7C0018D0E078257939B9012814BF2671E67008E0C046C0070020054303D081480CF0EC
:200A9C0051FA6278072AE1D1062010E055EA000088080020062A09D0E578002D08BF84F857
:200ABC0001906CD0022002E0AC0800200720607065E0C046ADE200006B78002B53D1EB780F
:200ADC0061789BB902291ED007291CD0062902D12079012817D1032915D06A480DF07CFFB1
:200AFC0088B9A069594600F0DDF80CE00CF0ACFE0246A07960490090089843460190102016
:200B1C0003F0C8F868706D78002D2CD134E0C046070000806B7833BB5B48564900900222B7
:200B3C001020034603F0B6F858484A46514900901020034603F0AEF8ED1C29680998016077
:200B5C00A9888180207884F801B00CF07DFE02465B460A9D6079484900901020019503F0C8
:200B7C0099F8C0B258B184F801A008E0AA8840491020052303F08EF8B8F1010F2AD1256A79
:200B9C0045B3296831B36078884723E06879132820D12889012808D1607B022805D13E4801
:200BBC0000F07CF80CF076FC14E035491020052203F070F881B238480CF0B4F90AE06888ED
:200BDC00C00B07D3324804222A4900901346102003F060F8059808B10EF0AAF82579E078F1
:200BFC0079082ED355EA00032BD0204600787DB9E279217A8DF808200B9D8DF809102B688A
:200C1C000DF10A010B60AA888A8003E0051601108DF80890627A8DF81020A17A8DF811108A
:200C3C000CF012FE1149024602AB102003F032F838B1256A84F801A01DB1296809B15046AC
:200C5C008847B80803D31349304607F08FFCF808FFF4F0AD607B401E3FF4D4AD401E7FF471
:200C7C00E9AD0CF017FCE5E53DA9000059440110C1170110A16E000009450110C9770000BE
:200C9C0021E60000640800200408002014080020DC070020FA070020AC080020DFF800F07E
:200CBC00B9BA0110DFF800F055A401102DE9F04F09AFADF13C0D08900A92388809911E46DD
:200CDC00ADF81800101C08BF002000F07581017800274FF0010B401C4FF0FF39B846DA4666
:200CFC000A9061E1252940F056810178401C0A902D2918BFADF8068004D10178ADF806B037
:200D1C00401C0A9030291CBF4246434604D10178401C5A465B460A902A29CDF800804D46CC
:200D3C0017D1049330680A9BCDF80890C01C20F00300001D306050F8044C1978002C0094F9
:200D5C0003F101000A9018D5ADF806A06442009413E044460AE0600000EBC4004018A0F117
:200D7C0030040A9801780094401C0A90302901DB3A29F0DBCDF8089004932E2929D101785D
:200D9C00401C2A290A9011D13168CDF80880C91C21F00301091D316051F8045C002D48BF98
:200DBC00454601782B46401C0A9011E0454643460AE0680000EBC5004018A0F130050A98E5
:200DDC0001782B46401C0A90302901DB3A29F0DB02930AB1224604926C2904D04C2918BFB1
:200DFC00ADF8048004D10178ADF804A0401C0A900BA8CDF80C800FAB07906429059300F0B7
:200E1C00828069297FD0BDF818C075296DD0782969D06F2965D070294ED063293ED07329D7
:200E3C0022D00A98401E0A90099801281AD966490C68B5F1FF3F03D0A84288BF6D1C05D8DC
:200E5C006FF00041814294BF0D1C099D029508A80AA932466B46A04709993F18091A039830
:200E7C00099165E0454617E03068C01C20F00300001D306050F8040CBCF1010F014608B9A4
:200E9C004FA0014607910DF013FD0390B5F1FF3F4FD0A8424DD9039528464AE03068C01C11
:200EBC0020F00300001D306010F8040C8DF82C005D46039558463CE0082035680490E81C3B
:200EDC0020F00300001D306050F8041C082210230FA809F01DFF401E07904021017007983F
:200EFC0023E0082302E0102300E00A233068C01C20F00300001D306050F8041CAA42BCBF83
:200F1C002A1C04920DE03068C01C20F00300001D306050F8041CAA42BCBF2A1C04926FF0AE
:200F3C0009030FA809F0F4FE07900599081A0390009C241ABDF8065000945DB906E008A8D8
:200F5C00202109AA0CF01FFE7F1C009C641E0094F5D50398401EB0F1FF3F03900FD1BDF851
:200F7C00060001281CD10098401E009018D408A8202109AA0CF007FE00987F1CF4E7079875
:200F9C00017809AA08A80CF0FEFD0798401C079003987F1CDEE708A809AA0CF0F4FD7F1CEA
:200FBC000A980178401C0A9000297FF49BAE089808B14146017038460FB0BDE8F08FC04667
:200FDC00286E756C6C2900C04404010004490968091A322998BF002001D908F051B870479B
:040FFC00C8110020F8
:20100000B41200001810000045BE0000FDB301106DC00110FDAE011099B5011000000000C5
:08102000000000002D0000009B
:20102800B01200003C100000B1C00110A9BF011067C0011069B80110000000000000000035
:041048003000000074
:20104C00B012000060100000BDC00110CDB30110D9BD01106DB3011000000000000000005B
:04106C00310000004F
:20107000000000006417002004000000000000000000000020000000E8C9011030000000AF
:20109000281000006C1700200400000000000000000000000C000000D8CA0110180000008A
:2010B0004C1000007417002004000000000000000000000024000000F0CA0110180000000E
:2010D000000000007C1700200400000000000000000000001000000018CA01102C0000001A
:2010F000001000008C170020040000000000000000000000200000006CCA0110240000007E
:20111000FFFFFFFF941700200400000000000000000000002800000090CA0110240000003D
:20113000FFFFFFFF9C1700200400000000000000000000001400000008CB011018000000BC
:20115000FFFFFFFFA417002004000000000000000000000058000000B4C90110340000008A
:20117000FFFFFFFFAC1700200400000000000000000000001000000020CB01101800000058
:20119000FFFFFFFFB41700200400000000000000000000001C000000B4CA01102400000085
:2011B000FFFFFFFFBC1700200400000000000000000000003800000044CA011028000000AD
:2011D000FFFFFFFFC41700200400000000000000000000005400000078C901103C00000022
:0811F0000100000038040100B9
:0411F80001000000F2
:0411FC0000000E00E1
:0412000000000F00DB
:0412040032000000B4
:0412080001000000E1
:04120C006016002048
:0412100000020000D8
:0412140000000000D6
:0412180001C90110F7
:04121C0000000000CE
:0412200000000000CA
:0412240008000000BE
:0412280000002200A0
:04122C00B0140020DA
:0412300000000000BA
:0412340000000000B6
:0412380008000000AA
:04123C002016002058
:0412400000000000AA
:0412440000000000A6
:04124800080000009A
:04124C00000000009E
:04125000000000009A
:041254000000000096
:041258000000000092
:04125C00010000008D
:04126000481500200D
:041264000600000080
:041268000100000081
:04126C00E413002067
:04127000000000007A
:041274000000000076
:041278000002000070
:04127C00000000006E
:02128000290043
:02128200010069
:02128400250043
:02128600300036
:02128800310033
:02128A002D0035
:02128C0001005F
:01128E00015E
:0812900003000000C40301008B
:0812980000000000000000004E
:0412A0000000010049
:0412A4000000030043
:0412A80013C401105A
:0412AC00D7E7000080
:0412B000B812000070
:0412B400B81200006C
:0412B8000000000032
:0412BC002C170020CB
:0412C00053E90000EE
:0412C4002000000006
:0412C80024030100FA
:0412CC00DC01010040
:0412D00029C101101F
:0412D400CBE2000069
:0412D8002FE50000FE
:0412DC00A1C7011095
:0412E000A3C701108F
:0412E4000000000006
:0412E8006C04010091
:0412EC00C0FF00003F
:0412F000D8FF000023
:0412F400A8FF00004F
:0212F8000200F2
:0212FA000900E9
:0212FC000100EF
:0212FE000000EE
:0113000001EB
:04130400E1E800001C
:0413080039D10000D7
:04130C00EDDE000012
:04131000E5D3000021
:0413140071D1000093
:041318005DC40000B0
:04131C00699C0000C8
:041320007BEB000063
:041324001DBA0000EE
:0413280015C70110D4
:04132C0025C70110C0
:201330002DE9F04F0F46CD4C0168E16241688068ADF11C0DE060C548A1608047C448E16A6A
:201350000160A168DFF810A34160E168DFF804938160CE49002FA346C1606FD03D68E878BC
:201370008DF80C0028798DF80D0003A80EF080F8A86808B1C6490160E86808B1C5490160C7
:20139000C54C287820706878BE686070A878B268A0703178A2607368E1702E696360EA6958
:2013B00026627968E2620868E06068696062A8697B68A062286A9E68206395F8240084F8EF
:2013D00034001EB900200DF02FF800E066617868C06818B900200DF027F800E0A061786831
:2013F000006918B900200DF01FF800E0E0617868406818B900200DF017F800E020612869D7
:201410002062F86881680E6806B9D24ED0494FF001084E60C66881F8018036B900200DF059
:2014300003F84D462E68F86801E04D462E6000685446FB68A0615868E06107E000200CF0AC
:20145000F3FF4D462E684FF001085446361DC7493668621C04F114035020B04710B128683C
:2014700080688047DBF808008047C24E002781463B46BF4877706946206104223370384627
:201490000BF0CAFC0098B0F5801F0CD020B90CF0E9FA05F053FA08E00AF01CFC0DF004FAD4
:2014B0000420708001E00CF0DDFA3846BA4EA0602B68B760986980477060AF4880F800809D
:2014D0003946418014200DF0C5FAFF211422A06208F0E0FFE01CFF21022208F0DBFF142057
:2014F0000DF0B8FAA54F386038680021142208F0D1FF002000F052F940460BF09DFBA04886
:201510000188FF2906D1022101807822001D002108F0C0FF03200DF0A7FF04200DF0A0FF7A
:2015300005200DF099FF06200DF092FF07200AF03FFA944E0820307006F124000DF084FF8E
:201550000AF020FC06F1360A05200A2152460CF0A5FE38B10020C0F10901401C0AF8011B69
:201570000A28F8DB3078102106F094F92B68864909200DF10E025E68087001AB1020002126
:20159000B047A06AE1690A260A309DF80E20761E00F8012BF9D1891EE161DBF80C104846DB
:2015B000884704F120002B68626A059040461E69DFF8D88104F120034146B04710B128681F
:2015D00080688047B8460CF099FB5FEA000903D007F0BCFC4FF0FF39002643E00298216906
:2015F00010F8062CA0F10C07032A03D1002939D0884737E0A16A9DF810C00A223046491E6B
:2016100011F8013F9C4506D0521E00F10100F7D14FF0FF0A01E05FFA80FA2868BAF1FF0F4B
:2016300000F108001CD038790BF02AFDB979012904D0022904BF0299887001E0029908703D
:20165000029950460CF070FD0CE0C04641490010F8440020EC170020A8150020AC1100201B
:20167000006880472868C36904A902AA0DF10F0098470028B2D0D8F800007700C35B6BB9F7
:20169000761CF6B20A2EF8DB2BE0C04688F400006DD90000F1E50000781400200A2E20DA6E
:2016B000DBF808008047D8F80010002231F807A0CA53DBF80C108847354850F8262026702A
:2016D0005146304690470646FF202070DBF808008047D8F800107A5A16437E52DBF80C10AD
:2016F00088470CF00BFB0746B9451AD007B9294FE069B84238BF071CDBF8080080478146D6
:201710002868016A206A8847626A28681F49059B521C6262C6683846B047DBF80C104846AF
:201730008847A768296860691431AFB9D8F800000A270026835B33B1096960698847296830
:20175000D8F8000014317F1E06F10206F2D107E04417002027CE0000096988472968143197
:2017700009684FF0FF3088472DE7C04681DE000069E60000E0170020DC1700207C210020FC
:2017900048120020D40C00208E210020C9D00000640101008EC2F5281C2100202DE9F84FCA
:2017B000DFF8BC13DFF8BC23DFF8BC5308700821002010600D23DFF8B4034FF44E72017074
:2017D00043808280DFF8A8030560AC7EDFF8A4030470FF2CE97E417008BFFF292A7F827064
:2017F0006B7FC370AE7F0671ED7F457115D1FF2A08BFFF2B11D1FF2E08BFFF2D0DD1DFF83F
:2018100078130A7802704B7843708A788270CB78C3700A79027149794171DFF8601302782B
:20183000DFF85C83DFF85C93DFF85C730A70FF2543784B7082788A70C378CB7002790A7102
:201850004079487188F8005088F8015088F8025088F8035088F8045088F805500020CB49E3
:201870000880D9F83440CA49607808702278C9493A70A0780870A2681079C74A411E1170BE
:20189000E078C649C64A0870E068106008B90CF0CBFD2069C34E306008B90CF0C5FD3068CB
:2018B000DFF804A301688847326852F8041F50468847BE48BE49CAF82000CAF82410606948
:2018D000BC49086008B90CF0AFFDA069BA49086008B90CF0A9FDE069B849086008B90CF0DC
:2018F000A3FDDFF8DCB2B74C9BF804000DF0B2F80028206075D09BF80500B34E0DF0AAF86D
:20191000002830606DD09BF80600DFF8C0A20DF0A1F80028CAF8000063D09BF807000DF0A6
:2019300099F8AB49002808605BD039789BF80000891C484380B20DF08DF8A6490028886030
:201950004FD03878002862D0BBF80210484380B20DF080F8A04A0028506042D038780DF0D6
:2019700079F89E49002808603BD0387840000DF071F89B490028086033D038781821484323
:201990000DF068F8974A106058B3387840010DF061F89549086020B3387800010DF05AF81E
:2019B00092490860E8B1387800010DF053F890490860B0B13878302148430DF04BF88D4AFD
:2019D000106070B18C483978007848430DF042F88A4A106028B138780DF03CF88849086070
:2019F00018B9BDE8F14F05F0CFBA4FF0000B09E00DF000F80021418081600180022303719E
:201A10000BF1010B39785FFA8BF08842F0D32268694F0120107121680D73206845732168E6
:201A30008D732068C57321680D7400212068457400202268D172A0222168487103212068CD
:201A5000C28001720720226850720021206881722821206801224182C2760020216848775B
:201A70000022206880F85E200121226811770120216881F85D0001223068027131680D73BB
:201A90003068457331688D733068C57331680D7400213068457400203268D1720022316839
:201AB0004871306882724FF420703168C88008818A7401213368D974DAF800201573DAF840
:201AD00000104D73DAF800209573DAF80010CD73DAF8002015740022DAF800104D740121A8
:201AF000DAF80030DA720023DAF800201171DAF800104B71DAF80010C88008818B7205207E
:201B1000DAF800209374DAF800103E4AC874106880473968054608688047396851F8042F97
:201B300000209047D9F80C101C4B0A881878364902430A802846354A136898470C213448EA
:201B50000DF07EFC40460DF077FC0DF071FCBDE8F44F034800784FF4005105F09BBE00BF52
:201B70006E4F0020044F0020B63F0050604E0020084F00202C4E0020E81200503C4E0020ED
:201B9000344E0020700401007B4F00200C4F00206D4F00206B4F0020724F00206C4F002047
:201BB000F04E0020F44E00207C4B002065EA000085EA0000F84E0020FC4E0020602100203F
:201BD00020170020104F0020144F0020184F00201C4F002028210020684E0020004F0020DC
:201BF00064210020804E0020844E0020884E00208C4E0020904E0020411700206821002041
:201C10006C210020B4110020544F0020B8110020F84D00202DE9F84FC04CA178FF2904BFA4
:201C300000200CF001FCA0780CF016FE044604F1680504F190062968086810B10021E183D5
:201C50000CE0A87B002804BFA97E002906D13078002801BF207F0128608CE0832189E08B97
:201C70004118491C618120460DF0DEFB01281EBFAB480178012904D121890020491CE08375
:201C900061814FF6FF77A87E01280DD1AA8B618920890DF0C5FB38B1218960894A1C93B2BE
:201CB00098421BD0A88B0FE03078012816D17288618920890DF0B4FB80B1218960894A1C12
:201CD00093B298420AD0708892B2904206D03818608180B20DF0A0FB3F18E78304F5967953
:201CF00099F8040020B120890021401CE183608104F12E07A87E012811D12189A88B4B1C64
:201D10009BB298420BD160810DF086FB8046B988288C01FB0808204608F0E8FE01E0B7F8B6
:201D30000480B4F81EC022687E4ED2F80CE00CF1010000FB08F340F6C41000FB03F18E44BA
:201D5000C2F80CE03668DFF8E0E13678BEF80080764AB609032E11D1D67BF60748BF4FF08D
:201D700000080BD408F101081FFA88F6012E12BF668AB9F8066006F2DC5600E0668A5E4331
:201D90004FF4C87AB6FBFAF6761C6661AEF80080A3614FF0180894F806A084F820C008FB9A
:201DB0000AFADFF88CC1DCF800E023680EF1080656F80AB0C3F810B094F806A008FB0AFAE3
:201DD000CDF800A0D3F80CB0D4F814A0ABEB0A0ADDF800B046F80BA094F806A008FB0AFA36
:201DF00056F80A609E600EF10C06A37908FB03F30EF10C0EF65C06F0F00646F002060EF85C
:201E100003604FF0000ADCF800E0A6790EF1020308FB06F623F806A0464BA6791B687601C5
:201E300003F1140AD4F814B05AF806A00AEB4B0A03F1140B4BF806A0AD7E022D0BD1A5795E
:201E50006D0103F1140697F800B056F805A000FB0BAA46F805A0BD88D27BA779D60736D597
:201E700008FB07F70EF10802D659A6F5A86A0EF1080646F807A0A77908FB07F7D25927689F
:201E9000511A3961BA6003F11402A1794901575807F5F667575003F11401A279520189589E
:201EB000C9F800106843244AA179156B03EB41162968401AA0F51670F0612049A07903EB82
:201ED00040100B78012B14D10121C17214E003F114027F01D1592A464243A1F5E661A2F5A8
:201EF00016729142DED3082120460DF091FA012011E0916A4A78C272A179DCF8000008FBBB
:201F100001F281182268516007200D490870204608F036FB0020BDE8F28F00BF684E00208B
:201F3000784F0020084F0020842100205C4D0020804E0020844E002070040100734F00206E
:201F50006F4F00202DE9F84F0C46E00788B00BD50CF060FD28B100218160B348006800B19D
:201F7000804784F001005CE1A0070FD50021002306910591049103930291019100910122D8
:201F90003C200DF041FA84F002004AE11D256007A64EA74F40F18A80002107918B46A548B7
:201FB0008178FF2904BF00200CF03EFA386890F8A0000CF051FC80463868C07A98F82691E1
:201FD000022818BF032808F5907A06D106F10D000DF016FA08B906F1070B514648460DF0EA
:201FF0000BFA88B33868807A002818BF012804D1314650460DF0FCF904E05246494630467A
:202010000DF0F2F9FF2834D005FB00F906EB090506225146E81D0CF037FB16F809003968FB
:2020300040F00209E81D07900622887E00F0010088F8260105F1010A386800F1140108F54F
:2020500090700CF021FB14E0514648460DF0C8F978B15246494630460DF0C6F9FF2808D000
:2020700006F10D01454348190DF0CAF908B949F0020908F12C004B460178069142891209F1
:2020900005920122B8F822100491C0880799029140080390CDF804B0CDF800A0002098F81B
:2020B00006100DF0B1F984F00400BAE020060FD50021002306910591049103930291019176
:2020D000009101223B200DF09FF984F08000A8E0E0044BD5F11D06F10D000DF07DF93868A7
:2020F000017A012918BF042931D1C17A02291EBF0329817E01292AD1817E00F11402304616
:202110000DF072F9FF2811D04543354405F10D000DF076F950B9E91D05F10D000DF05CF96B
:2021300038680622E91D14300CF0AEFA3868C07A022818BF03280AD106F10D000DF060F99E
:2021500028B938680622F11D0C300CF09DFA3A4842683A4800784FF480510AF0F1FA10B109
:202170008E2008F09BF884F480505AE0A00505D50CF008FD324901200860FEE7600504D5ED
:2021900007F0B5FB84F480604BE0600405D5812008F084F884F4804043E0A10440D5294D27
:2021B000286810B100200CF03FF9274E4FF0FF3028600DF00DF93168244D51F8202F6846AC
:2021D00090472349234B486A8A6A009001920293C86A0268086A0392ADF810000A6B11788A
:2021F000002904BF5068002805D19068002804BFD068002806D02970506868609168A960F9
:20221000D068E86029463568134A2E6813486B46B0471349086003F06BFC84F4005000E066
:20223000002009B0BDE8F08F204F0020AC450020104F0020684E0020784E00206E4F0020D9
:20225000FC002043044F0020F04E0020684500207814002015EA00002C4D002020200020CD
:20227000EC4E0020BB482DE9F84F0025BA4CB849056094F8E200002800F06581012800F07E
:202290002F81B64E02283CD0032840F05C8151F8250CD4F8B8100029A0F5C060C4F8D40090
:2022B000B8BF49420028B8BF4042814226DA4FF08057D7F8A4014568B4F8BC0030214FF4F5
:2022D0007F42082300903046A847D7F8A4014568B4F8C00004214FF4F802122300903046E3
:2022F000A847D7F8A401B4F8D070456820214FF440620A2330460097A847012584F8D850B9
:202310001CE151F8258C0CF03DFC2F4600B901273946934F38680028FCD0B146012609F11E
:202330000409D9F82CA03E6009B10CF031FCCAF30720C4F8BC000CF025FCAA4600B9B24648
:202350003B68002BFCD0D9F800B0BAF1000F3E6001D00CF01DFCCBF38440C4F8C0000CF01A
:2023700011FCAA4600B9B2463B68002BFCD0D9F81C90BAF1000F3E6001D00CF009FCC9F3A2
:202390008120C4F8D000B8F5C061C4F8B81000F09C8094F8D80068B9C4F8D410D4F8C000F1
:2023B000C4F8C800D4F8BC70C4F8C470D4F8D030C4F8CC30D4F8D400D4F8BC30002854BF8A
:2023D00002226FF0010204F1C8010F6800EB40008018421000EB927207EBA2000860D4F866
:2023F000C810C4F8C43000291CDD1E293CDDD4F8CC0030B93429B4BF15391E21C4F8C81051
:2024100025E02A29BABFD4F8C8000B381E20C4F8C800D4F8C4003F28B4BF401C3F20C4F861
:20243000C4001FE0D4F8CC00032812D011F10B0FC6BFD4F8C8000B30301CC4F8C800D4F818
:20245000C4000028C4BF401E051CC4F8C450032508E011F1150FC6BFD4F8C8001530301CCE
:20247000C4F8C800C4F8CC504FF08057D7F8A401B4F8C43030214FF47F42456837480093B2
:202490000823A847D7F8A40104214FF400321123456832480096A847B4F8C860D7F8A401DC
:2024B00004214FF4F802122345682C480096A847D7F8A40120214FF440620A23B4F8CC6030
:2024D000456826480096A84701E084F8D85040F2FF50404502D8801C40452FD2082030E08D
:2024F00051F8251C1F4F4BF2F5204843060A3868C0F3814001280CD11B48006800688047D3
:202510000AF022FB0CF04AFB3111C010484306EBE03694F8E50030B91448006820F07F40C2
:202530003618760801E084F8E5501148310C0660012741600F4D8760287808B90B2000E0B9
:20255000052084F8E40003F043F9BDE8F88FC0462D400C402C500C409810002000A00C4050
:2025700000800C40B43F0050EC010010102009403C600C40F50201002DE9F84FB34D6968B8
:2025900084B0019121B905B0BDE8F04F0CF01CBF0978DFF8BC82AF4EDFF8BC92DFF8BCA22E
:2025B00001291CBF0229042946F2A81741F64C5B05D0402918BF802900F096803CE10CF0FC
:2025D0001DFB0028FAD00198007804F023F90090446814B900200BF027FF9AF801000028BB
:2025F0005CD000F043F90CF037F902900168009801914F6808F00EFD022825D000990A782E
:20261000012ADBD196490A68137A19F80310317018B90CF0D5FE5844A0602069C17E01F03B
:20263000EF01C1762069C17E41F08001C1762069C17E01F0F00141F00201C1762269B968F1
:2026500088484118D1614BE001980178802911D10820854930700A78012A03D09AF801009E
:20267000022801DB38690CE0D8F828003A690178D1720DE07C49072030700A783869012A99
:2026900002D10121C17203E0D8F828104A78C2720298817901988AF80210C8E000980028F8
:2026B0008CD00199009A0078914205D101281CBF00200BF0B9FE15E0012840F0BD80684848
:2026D00001680A7A19F8020030700CF079FE3918A0680CF071FE18B90CF072FE5844A0603A
:2026F0000120A8700098A2E09AF8010000287AD000F0BCF80CF0B0F8044620680290476817
:202710009AF802000CF0A8F803900CF07DFA10F0070F3DD0A87804F07DF8019041680198F4
:202730000091029908F076FC022831D001990A78012A2AD14A490A68137A19F8031031702F
:2027500028B90CF03DFE83440098C0F808B000980069C17E01F0EF01C17600980069C17EEA
:2027700041F08001C17600980069C17E01F0F00141F00201C176009AB9683A4841181069C4
:20279000C16101210198A97051E000200BF04CFE0398A04225D0029833490278802A12D10E
:2027B000082030700978012903D09AF80100022803DB38690121C17210E0D8F828003A69A7
:2027D0000178D1720AE0072030700978386901290EBF0122D8F828104A78C272A0798AF8A7
:2027F0000200029823E00CF00FFA10F0070F29D0A87804F00FF804462078D4F804800128A0
:2028100020D117490868027A19F8021031700CF0D7FD3918D8F808000CF0CEFD20B90CF012
:20283000CFFD5844C8F808000120A870204605B0BDE8F04F05F07CBC05B0BDE8F04F00203A
:202850000BF0F2BD05B0BDE8F08F00BF28210020700401006F4F0020289A0110684E0020C1
:20287000104F0020F0D8FFFF734F00202DE9FE4FB24C617811B900200BF0D6FD0CF0A0FD96
:202890004FF00008074607F6C417C246AC4DDFF8B49228E050460BF0DFFF06467079F0B151
:2028B0002968B07901F80800394608F101005FFA80F830460CF07CFD30680178402902BFDD
:2028D00006F182000178012902BF41887289914205D1B169C088411830460AF07FFA0AF1FF
:2028F00001005FFA80FA99F800008245D2DB6178884505D000200BF097FD82200CF054FDD6
:202910006078012840F0F180002701E07F1CFFB299F80000874280F2E28038460BF09CFF6F
:20293000064670790028F1D02968B0790A7890421CBF00200BF078FDB079FDE0286810F852
:2029500009000BF089FF00684268DAF808109068814204BF3E4609F1010900F0D480D6E0DF
:20297000286890F800B001224FF4C0710FE0636803F5AD76835C01FB03F901FB0BFE36F809
:2029900009C036F80E60B44538BF9B46521CFBB29A42ECDB4FF6FF700CF002FD064658469A
:2029B0000BF05AFF68490068D0F804A00868D94630F8192060684FF4C07300F10E0103FB02
:2029D00009F3C85AB2EBD00F52D2720840F6C4104243009200275D4A0190029217E0584606
:2029F0000BF03AFF01680A78802A03D1DAF81030009A5A610978402908D1029980790A68FA
:202A100002EB4011009800F5A060C8617F1C47452EDA2868C05D8345F8D001464FF4C07389
:202A3000594363685A1803F5AD73D289595A53088B4202D2521A9045E8DA0BF00DFF016818
:202A50004A68019B9168DAF808207008A1F6C41103FB00200CF0B0FC0028C0D03A480068D9
:202A700030F81910491C20F81910286810F807B0296808780BF0F0FE0026006847684FF486
:202A9000C079464551DA2868805D0BF0E5FE0068296842688B5D606809FB03F3034403F164
:202AB0008201087830B15889B1F802C0401C80B2604508DA887B01280ED15889098A401CE6
:202AD00080B2884208DB6EB3B968906801F5C241A8310CF071FC28B3761CF6B2D1E70020A5
:202AF0000BF0A2FC82200CF05FFC617828680CF053FC286800780BF0AFFE00260068D0F87A
:202B100004A04FF00109771CC145FFF617AFF6B2002E1CBFF8B200287FF422AF286890F885
:202B300000B037E7296811F806B007490A6800205B4622F813005846BDE8FE8F684E002011
:202B5000004F00207B4F002064210020844E00202DE9F84FDFF8C0B20F460546F80B80F0BC
:202B70000B81A74EDFF89082B80F80F0BD80B80880F0B1803809C0F032819D4801780909F2
:202B900080F0A480007830F07F0040F09F80684606F0CAFA012803D10098002800F0968000
:202BB00094480078002840F0918001240025E8B20BF048FE48B1837A3BB1847290F90900B9
:202BD00004FA00F0C0B20AF097F96D1C032DEED345464FF0030A05F1AC0085F810A00CF0DF
:202BF000D7F8DFF82492002109F11402884610681160824952F8080C05F1340042F8088C60
:202C100042460CF0D1F83068006B8047AA68A969801A000BC0F1FF328A422CBF01444FF0A7
:202C3000FF31A961287F20B1E868A969B1EBC02F1ED90BF0D9F9414600B12146A9B171486F
:202C500040F60901018046464680427B64F303024273027B66F30302027346604B46DE61BD
:202C70001860418811F4406FFBD02C774146A9616649086820F0020040F400700860644A65
:202C900042F804AC41F23006966014605023936014604FF4CA6696601460022042F80C4CFC
:202CB00044460C600AF0ACFA112005F085F9287818B9686838300CF083F8687F18B16C7717
:202CD00005200AF09DFA534868612C7408F000F927F0080783E004F0CFF940467430006862
:202CF00008B927F002077AE00CF058F834468146606D0068014604208847C8B1287CB8B107
:202D10004046083006689EB12068EC68006B8047801BE860010BE960A14202D209194908B8
:202D3000E96040F6C41088422CBFB1F5FA7FE86048460CF02DFB0AF0C3F890B1A8696FF4F8
:202D5000807100224FF0007304462846A04740466C300068002808BF47F0020701D008F07D
:202D7000B7F8686900214FF0806304460A462846A04727F0005732E00CF010F859460E68F8
:202D90004EB306F1280106C90A234FF0E0450B40154008BF002B1ED106F1280191E8300058
:202DB00006F1280393E8060006F12803AA43A14383E806000CF0ECFAB16871B1002D08BFEB
:202DD000002C0AD03069B6F93C10B2682B4616462246B04701E00CF0DBFA27F4804727B197
:202DF0005846394650300BF0F3FFBDE8F88FC04686210020A119002008180020D1B30000A2
:202E10008C010010E420002000100440000004600C410440B97C0000881800202DE9FE4F40
:202E3000DFF84492914E99F80000914A914D92490D2873D8DFE810F016010E000E000E0049
:202E50000E000E010E0191000E01CD00CD00EB00EB00F200326041F2044A8849DFF82082D7
:202E70004A88884C52451FBF4B8B53454B8E53454FF4A0572DD1DFF810B2DBF8000000683C
:202E900000F108010079032816D1D1F80E0000281CBF088B00280FD091F8220010F0E00F8F
:202EB0000AD101F11E000CF06FFA012804D1A5F800A07648306084E099F8001002290CBF2E
:202ED00044462F8034600020DBF800100A68107177E0002A2A8039D0521E3CD0521E35D0FA
:202EF00040F2FE33D21A1AD0121F012A1DD94FF47F73D21A1BD04FF44063D21A0FD0921ECA
:202F1000012A0CD9121F0AD0521E012A0DD940F2F933D21A012A19D9121F08D09AE00228F1
:202F300014BF2F80444634604BE0594CFBE759480268137A012B05D141F20240488048838D
:202F50004886F0E74F804F834F86ECE700200BF06BFA832082E08F2080E04F488178FF2927
:202F70000CD0326018204D4A414310684C4A831C40F204445B5A2B801B1B012B72D94FF409
:202F90007F741B1B0FD04FF440641B1B032B84BF5B1F012B0BD99B1E012B63D940F2FD347D
:202FB0001B1B08D103E0801C41F201434352326004F0ACFA05E000200BF036FA85200CF06A
:202FD000F3F903B0BDE8F04F36480078012104F061BC40F204424888288090421CBF41F265
:202FF000084290423ED041F60402904211D12E4C2E4B0020CDE9004002222D4C2D482468FF
:20301000006854F8086FB0472B4908802AE04888288000200BF008FA85201FE048882880C7
:2030300002280DD940F20442801A1BD040F6FC72801A05D0083815D04FF47F72801AE8D1B4
:20305000887B801CC2B2B52AA8BF662088730020488007E000200BF0E7F98420BDE8FE4F26
:203070000CF0A2B9BDE8F78F6F4F0020204F002071ED0000504F0020CC4C0020204A002072
:20309000B1540110615A0110F44B002059550110755B0110104F0020684E0020804E0020FC
:2030B000313901106E4F00200200008079D20000F04E0020EC4E0020424F00202DE9FC411F
:2030D000A0F2013714468846022F40F233819B4E9C493F1F0F2F04D9143F4BD0BF1E1CD059
:2030F00011E0DFE817F0CF00C9000E01FB00C100B9002701AF00A700100010009D008F001B
:203110007F00740065002D2880F21481B8F1020F40F010818849238808E1B8F1010F40F022
:203130000981F078012800F00581324620781179107181B9002800F0FD805078012800F023
:20315000B580042800F0B280062800F0AF80052840F0F080AAE02078002840F0EB80507815
:20317000032800F0B180072800F0AE80052840F0E180A9E0B8F1010F40F0DC802078012859
:2031900040F0D88006F1EC000BF034FE002840F0D1803446002004F13A0105F0EDF9002811
:2031B00040F0C88004F1C800FDF77EFDBDE8FC81B8F1020F40F0BE8020880A28C0F2BA804B
:2031D000B0F5486F00F3B6800E46B61C17E0B8F1020F40F0AF802088B0F5FA7F80F2AA80C2
:2031F0000E460CE0B8F1020F40F0A48020880628C0F2A080B0F5486F00F39C803E3630803A
:20321000BDE8FC81B8F1020F40F0948020880628C0F29080B0F5486F00F38C803C36EEE744
:20323000B8F1010F40F086802078062880F28280454E0EE0B8F1010F7CD12078042879DAB7
:203250000A3606E0B8F1010F74D12078082871DA09363070BDE8FC81B8F1010F6AD120789A
:20327000042867DA0836F4E7B8F1010F62D1207804285FDCF61DECE7B8F1020F5AD120885A
:203290000E36BCE7B8F1010F54D13079012851D032462078D178D07071B900284AD0507899
:2032B000012803D0042818BF052843D190690121FDF7FEFCBDE8FC81207800283AD1507800
:2032D000022818BF052835D110780AF0C3FA1C490246102000F0E4FCBDE8FC8106F183051D
:2032F00000211F22284607F0D5F821464246284605F0B6FF44463078B4710AF0ABFA00230A
:2033100011E006F1640500211F22284607F0C2F821464246284605F0A3FF444630787471C0
:203330000AF098FA01230094084901950246102000F0B6FCBDE8FC81E1D20000C00700207C
:203350009945011000080020FA070020094501102DE9F04F8246DAF80070DAF804600C46DF
:203370005FEA0208ADF11C0D14BF00214FF0FF31DFF8409248460BF0D2FA002818BF0B2098
:2033900040F0158100258F488C4905708A48FC6052460BF009FD317B27200BF007FDB8F1AF
:2033B000010F07D0657002200AF0DAF806200AF0D7F801E0012060702078012840F2AA8075
:2033D000801E012868D9801E012833D9801E012800F2DE800BF0E2FC83464FF0805000F545
:2033F000EE77D0F8DC01A378466A009321782846062908BF0120019001200290A068228A3F
:20341000E1686368B047814658460BF0C1FFB9F1000F40F0BF80B8F1000F02D00BF004F9C7
:2034300002E0504609F06EFF002800F0A3803868806A2AE00BF0B2FC83464FF0805000F559
:20345000EE77D0F8DC01012306680093A168A27860682478AC46042C08BF9C466346B0473B
:20347000814658460BF094FFB9F1000F40F09280B8F1000F02D00BF0D7F802E0504609F089
:2034900041FF002876D03868406880474C49C1F8B0510D6081467DE00BF080FC83464FF000
:2034B000805000F5EE77D0F8DC01E38A86690093E0680190208B0290A0780390207D04904C
:2034D0000121059122782846022A08BF081CE1786268A368B047814658460BF059FFB9F17E
:2034F000000F57D1B8F1000F02D00BF09DF802E0504609F007FF00283CD03868006A8047EF
:203510005FEA000946D1E078A168E28A236906F0BDFCBFE70BF042FC83464FF0805000F57E
:20353000EE76D0F8DC01E38AC7680093E0680190208B0290A0780390207D294604900120C1
:203550000590257805B9014608466268A368E178B847814658460BF01BFFB9F1000F19D18C
:20357000B8F1000F02D00BF05FF802E0504609F0C9FE08B914201AE03068406980475FEAE7
:20359000000907D1306802692169E078904781E74FF0FF39B8F1010F05D0022009F030FEC8
:2035B000062009F02DFE03480BF00AFC484607B0BDE8F08F3813002070130020CDDB000046
:2035D000504502408C210020FEB5954E954F144602460025A2F58062182A1AD8DFE812F080
:2035F0001601100109010101FA00F400ED00E8001900CC00C500BE00B500AA0019001900CB
:2036100080006F00680054004C00420039002C0024002D2880F28C80022940F089802188F8
:2036300009F056FE0546F9E0012940F0F680002C00F0F3801136BEE0102940F0EE80002CC2
:2036500000F0EB8030465030102221460BF01CF8E4E0012940F0E180002C00F0DE803146F1
:203670008E1DA8E0262940F0D880002C00F0D58006F160002622E8E7012940F0CE80002C7D
:2036900000F0CB80761D96E0602900D13CB9012940F0C380002C00F0C0800D368BE006F1E9
:2036B0008600214660220AF0EFFF01207073B5E0012940F0B28020780BF062FEAEE00129D3
:2036D00040F0AB802078022800F3A7800C3630702078022814BF281C01200BF04DFE9DE004
:2036F000072940F09A80611C684606220AF0C6FE207869462A4604F031FE04460A2C17DAE4
:203710000BF036FE70B9204602F0BCFE3C462078002847D16088C0F5805080B2B0F54D7FC5
:2037300040DA3AE03246012002F12C06305575E0022573E0012970D1B07B21780028B173B8
:203750006CD1207801282DD068E0012965D12478072C62DB102C60DC0B3648E001295CD172
:2037700024780A2C59DA093641E0012955D12478022C52DA08363AE000294ED10BF0F8FDFE
:2037900098B90BF015F83C46207858B96088C0F5805080B2B0F54D7F04DA0BF073F965706B
:2037B00003F0CCF808F0EEFA38E001240F361EE0012932D10A36247819E001292DD124781C
:2037D000022C2ADAF61D12E0102926D1334603F1400039E7012920D12478022C1DDA361D76
:2037F00005E0012919D12478042C16DCF61C347014E0012911D12478022C0EDAB61CF6E7EB
:2038100002290AD120881436308007E0012904D12478022CD8BF761CE9DD18252846FEBDEB
:20383000D40C0020E01700202DE9F04385B011F8017B0446082F04F1FD0004F1FC0804F1FD
:20385000760504F5A076844A844BDFF8149213D0092F21D00F2F2FD0112F01BF28780128A2
:203870006878102840F0D5800A78327648787076012184F83D11EBE00025521C4E5D5F5D1A
:203890003E434E55575D3E4046556D1C082DF5DB204607F089FB74E00024571C0D5D1E5DE8
:2038B00035430D553A5D15400555641C082CF5DB022088F80000CBE098F80100820704D415
:2038D00010F0110F57D01A2266E008784A7800EB02203080CA78887800EB022070804A790E
:2038F000087900EB0220B080CA79887900EB0220F080087A30724A7A887A02EB002272814D
:20391000C87A0A7B00EB0220B0818A7B487B00EB0220F0810A7CC87B00EB022030828A7CBE
:20393000487C00EB022070820A7DC87C00EB0220B082487D897D00EB0120F0824948017857
:203950008A0658BF1A2212D504F5A670049071890391307A029021890191F0880090B388A1
:2039700072883188204606F0A7FFE0B11E2298F80100410710D40F2088F8150020460BF0CF
:20399000F3FC002864D199F8000005B0BDE8F0434FF4804103F07EBF204605B0BDE8F04386
:2039B0000F210BF0DDBC7088A882B188E9820221F0882883297400206882A18EA88AC91D39
:2039D000E981618EB0EB510F02BFE88AA18E884202BF288BE18EB0EB111F18D028780128F8
:2039F00004BF68780F2805D0687918B10F21A972FE2127E0FC2120460BF0AEFCF0880090BD
:203A1000B38872883188A0790BF0A2FC20E0102118E0491E20460BF097FC032F18D1A87837
:203A3000042818BF0D2813D16E78142E18BF0E2E0ED12F7820460BF083FC012F06BFAE72A4
:203A5000FD213146204605B0BDE8F0430BF084BC05B0BDE8F08300BFEC4D0020502100201D
:203A70006E4F0020144E002010B50B7884074CBF43F0020303F0FD0304064CBF43F0800303
:203A900003F07F0304074CBF43F0080303F0F70384064CBF43F0200303F0DF0310F0AA0FE7
:203AB0000B7003D0107840F00C0003E018B9107800F0F300107010BD2DE9F8430D460027AD
:203AD0002878022814461E4667D1696808784978DDF8208000EB012080B25FEA08021CBF23
:203AF000B0F5285F0B205BD14FF42851401A08D0401E21D0401E2FD0401E25D0401E31D0E7
:203B10004BE0DDF82490E8680BF070F980B2A0EB08024A45BCBFA0EB08001FFA80F909EB43
:203B30000800162806DAA6F800904A46E86800EB08010DE00D2732E0E8680088022131806E
:203B50002070000A60702AE0062030800622E96820460AF099FD22E001203080E9680A78F6
:203B700022701CE0E868B0B1082131800288227003881B0A63704188A1704288120AE2706B
:203B9000818821718288120A6271C188A171C088000AE07103E0308001E0378001273846B2
:203BB000BDE8F2832DE9F0470F46814638780024022890461D466DD17868089E0178407846
:203BD000DFF8D8A001EB002189B24FF42852891A06D0491E29D0491E4ED0491E39D059E07A
:203BF000F8680BF003F980B2B04204D3A919162903DB0D244FE007244DE0FB682A46414672
:203C100098190AF041FDAD19F868ADB2C5F11602002140190BF0E8F8DAF8000000281CBF2E
:203C30000268002A37D0002123E08EBB022DE0D198F8000098F80110FA6800EB012010805D
:203C5000DAF8000000281CBF0268002A23D001210FE0EEB9062DCCD1F868062241460AF067
:203C700013FDDAF8000000281CBF0268002A12D00321484690470EE056B9012DB9D198F80B
:203C90000000002813BF0128F9680870802402E00B2400E001242046BDE8F0877421002027
:203CB0000FB42DE9F04F09AF8246ADF11C0D0AF0E7FF391D30F0010021F0030101F1040132
:203CD00000F0FB8004911420ADF80C0000260196FF258DF80E507C6805940BF02DFB044641
:203CF0000AF0CEFFDFF8E09130F0010008BF2C1C1FD00BF01DFB05460BF016FBA9B24A4631
:203D100080B261F30F08062160F31F48304632F80C7F57B153681B689C4204D0491E00F19A
:203D30000100F4D101E0C4B200E0FF2440460AF0F2FC504608F0F4FB0146FF2904D02046BF
:203D5000032204AB06F0EAF90BF0F6FA07F078FD0546304600900AF093FF30F0010000F061
:203D7000AB80002D00F0A880584FDFF864B13A68002431462346584605F06EFD06460BF045
:203D9000CFFA3A68824600212346584605F064FD04460098B2444FF0010906900BE0069822
:203DB00010B10C3807F08EFE0498006886E0FEE701466EE00446686800214FF00052234652
:203DD000FCF7A2FC002852D00BF0B6FA07F038FD061C40D00BF0ACFA83460BF0A5FAB768CC
:203DF0001FFA8BF180B261F30F08002F60F31F4808BF002708D057F80C1CB160002047F8EB
:203E10000C0CFF2307F8023C40460AF084FC381C21D010F8081C062914DA2B4A0846810049
:203E30000C3201EBC001565A66B14FF6F870B04208D03A460AF00CFF00281CBF06924FF0EA
:203E5000000914D16846394607F068FE68684FF00051FCF72DFFB4F1FF3FACD0002CAAD056
:203E70000BF05EFABAEB000001D08442A2D20AF05DFA009F0BF05CFA82460BF055FA08359F
:203E90001FFA8AF180B261F30F0860F31F4847B1394651F80C0C00288AD1286841F80C0CEB
:203EB0002F6040460AF037FCB9F1010F3FF47FAFB9F1000F3FF473AFFEE7FEE707B0BDE861
:203ED000F04F04B07047C046F411002034040100404B4C002DE9FE4F05467B4800240068F0
:203EF0000094C00905D37948007810B9202009F03DFA012D40F0E280DFF80092D9F8DC0035
:203F1000012840F0D8800220C9F8DC000AF014FB012009F02BFA5FEA000805D00120C9F8D1
:203F3000DC000AF015FBCBE00AF04EFFA34602906748684DC0F800B0A86A016801208847E7
:203F5000012804D1584607F09BF8012000906248624FC0F800B0386811200AF02BFE00B112
:203F7000012410200AF026FE08B144F002040F200AF020FE08B144F004040B200AF01AFE52
:203F900020B12868564E016B308888470A200AF011FE20B12868534E016B30888847524857
:203FB000012606602868816944F0200088474F4806600AF0F9FD00F001010191400814D228
:203FD000286A81684A4888478246BAF1040FF7D0BAF1010F04D1286A426845480321904754
:203FF0004449086820F003000860584600F088F82B683868986B8047019801280CD0BAF1E5
:20401000010F04D1286A42683948314690473949086840F0030008602F48066028684169FC
:20403000204688470B200AF0C5FD20B128682C4BC16A188888470A200AF0BCFD20B12868A4
:20405000284BC16A18888847274806600322C9F8DC20264BC3F800B02868416B204688473F
:204070000128F9D13868042009F080F90446184806603868144800688009FBD3009801287B
:2040900002D1304606F0FCFF0AF082FD082009F06DF907460298C9F8DC600BF03DF9164863
:2040B000008806F0B3FC0AF053FA57EA040018BF4FF0FF3804E06FF0040801E06FF0010852
:2040D0004046BDE8FE8FC04614100940801100200C400940B8010010000222432C2009409A
:2040F0008AFF000086FF000028200860800104430040034024220840F0020100981000205E
:204110002DE9F84FDFF804B20746ABF13500DFF8F0810068800880F0E280754800680068F0
:2041300080477E490831D1F8009000254FEA29715FEA995201F101010AD2C0F13E0210F161
:204150000A0F4FEAE202D8BF08229142B8BF111C684BD3F87C21C2F30462162AA8BF203AAA
:204170001B68C3F30443162BA8BF203B9A465218162A05DA12F10A0FB8BF6FF0090200E066
:2041900015225D4B5D4E02F01F0141F4F8511980316811F0030F18BF0125C90828BF45F0C6
:2041B00002050FB145F00405434693F90710411A052904DA9979A94208BF99886FD0DFF85C
:2041D00044E10F28A0F10F0829DB08EB0011A1F1F0084FEA28210091072984BF07210091FA
:2041F000062988BF06215EF821600424774604EB81043C594FEA950CA41BEE0804F0FF01CA
:2042100024BFC4F3072631446F08AE0824BFC4F3074631446E0828BF01EB146104E0002106
:204230004FEA950C6F080091009C5EF824E05FEA5C060EF0FF0424BFCEF3072634447E081B
:2042500024BFCEF3074634446E0828BF04EB1E64009E89B2A8EB06267143803104EB1124F6
:20427000AAEB02010029D8BF0121342209F0FF074A4391B24FF6FF727943B1FBF4F18A42C0
:2042900038BF111C802889B2998005DA10F1800FB8BF6FF07F0000E07F20D8719D711A48F2
:2042B00000681F2918604FF0000008D340F2FF128A4206D24908401C8A42FBD301E01F215D
:2042D0009980134F0F39090940EAC10047EA0001CBF8FB1F0026CBF8FF6FBDE8F88F0D4926
:2042F0000D4F434608200F609B1D1870BDE8F88FEC0100103C1100506E6208402422084086
:20431000582100209C130050082009403500094000E7A48030100940FDFDA400AC3F005099
:204330002DE9F04F044675488A46016894461F46BAF1000FADF13C0D4DD0BCF1000F4AD005
:204350009AF8002001209040014244D0BCF80000B0F5C15F32D1DCF81430DCF81820684803
:20437000DCF81C104FF0030E0DF128080B93DFF894B10C9200680D91C0F3036958F8046F6F
:20439000CEB10021351F05200B4655F8042FB2F1FF3F10D0934506D0401E01F1040103F16B
:2043B0000103F2D107E0052B05DA705820F4702040EA09407050BEF1010EDFD1C4F804A0C3
:2043D000C4F808C00AF0EAFC4F4D8046287820B140460AF0DDFF00208DE002F085F94B49A9
:2043F000086840F00200086007A80AF0F3FA002605F1D00007AA4649099608F0C3FB4549FE
:2044100005F5827007AA08F0BDFB07A80AF0B2FAFF2105F1340007AB3F4A0891192108F09A
:2044300055FB3E4A05F150001A2107AB08F04EFB3B49324605F18800134607F07BFD39495C
:20445000324605F1AC00134607F074FD364A05F120000421334609F0D9FB0E2004F032F824
:2044700005F174000AF0D0F905F16C000AF0CCF92E74072085F898012E77AE616E7705233E
:20449000AE602B49EB602A786961501C2870274B1E7040460AF07CFFB1464FB92548B0E8D0
:2044B0008C106946A1E88C100DC86F4681E80D0038682060398A6182012060747B6813B912
:2044D00040F6C4130646E3601B48A06126746061F86800B1A061B86800B1606158224946C4
:2044F00004F1200005F0D6FF04F13800494609F009FA20466C600FB0BDE8F08FD4210840C3
:20451000541300500200F844081800200020094091E50000ED7B0000D1B3000035B20000A4
:20453000D9DF000091E30000C1C1000086210020B97C000090020100879D00002DE9F04FB5
:2045500005468048066800680F461C469246C4F399018900ADF12C0D0A010021803205F04F
:2045700099FFDFF8C891A9F1880002466E48016830469047A3088046610801979F1C21F04F
:204590000101F819009506EB80000390091DCDF808A07818434506EB800206EB870B384442
:2045B000049206EB80000690C4F39C004FEA800000F1080007EB400000EB070206EB8202AE
:2045D0000A9224F0030202F1080200EB020506EB85053A44059506EB82050A4407953A44B4
:2045F00006EB8202089206EB80020992084406EB800A384406EB800518BF6FF0010040F06E
:204610008F8009F16800024641463046904700233CB10199264611F8010B761E40EA03030E
:20463000F9D1002B08BF01207AD000263CB10299234611F8010B5B1E40EA0606F9D1002E70
:2046500008BF02206CD001995846C84703980299C847009881680498C8473548049A5946B3
:2046700081462846C847012803D14FEA88042E590EB1032054E0BE0028460021324605F0CD
:2046900009FF0399049A2846C847012801D12F590FB1042044E0274F274C069859463A461A
:2046B000A047079803993A46A0470699089827460A46B84709980899069AB8470A98069944
:2046D0001E4C2246B84728460021282205F0E2FE1B4809990A9A81462846C847203428469C
:2046F00022460146C847079950460A46B84705980021324605F0CEFE5FFA88F45046002CD9
:204710000CBF01225FFA88F200216B5C445CA34218BF052004D1491C521EC9B2F5D1002054
:204730000BB0BDE8F08FC0468C4F0020B9DB0010C9DE0010DC150020F9E000107C000100B7
:20475000C9E60010884F00202DE9F0410446804DA178A869ADF1180D891F00F0F280C91E57
:2047700000F0DD80491E5FD0491E48D0C91E3CD0481E40F0E980287A697AB8B968780028D7
:2047900031D0A0880AF0C4FD071C00F0DD80A07A40080FD3787968B1E168890A0AD2B91DD9
:2047B00001AA03F0DBFD0A2804D10321A0880AF0ABFDC9E0287B022802D1A07A0009F4D34B
:2047D000A088797904F1080201F0CAF8A869002800F0BA804368002B00F0B68000210A462D
:2047F000A0889847B0E00521E0E7002800F0AC804368002B00F0A88062780221F0E70AF025
:2048100011F9002800F0A080A86950B1076847B1206900906189227B637BE01C3C46A047EA
:2048300092E060890121C2E767784FF00008002F66D1A179490863D3EF69002F60D101A8B4
:2048500041460E2205F026FEA0880AF061FD071C7AD0606940B97879B91D06228DF80A004B
:2048700001A809F011FF19E06669307C062206F111018DF80A0001A809F006FF07F10C0097
:20489000B91D062209F000FFB81D062206F1110109F0FAFE307C40F002007871A079C00873
:2048B00039BF387900F0FD00387940F002003871A079000939BF387900F0DF00387940F04B
:2048D00020003871A1799DF81120C1F3800010438DF81100080905D39DF8110040F008003B
:2048F0008DF8110001A8214600F020FB28B92878022102F0CFFF404627E0A8694FF0150899
:2049100010B3436803B3A088627801219847B8F1000F19D0A86943680321424660E7E078B8
:20493000211D002203F01AFD0A280DDA410001EB800004F10C0225300421C0B202F0A8FAB4
:2049500002E0A08805F0F2FF012006B0BDE8F081D40C00202DE9FE4F0E468246307AC1067A
:2049700093461F464FF000090CD558460AF0C8FC030000F0E8800A223146504698475FEAA8
:2049900000094DD130780C9D0D9CDDF8388002281AD170680178407801EB002189B24FF4B0
:2049B0002052891A012910D9891E3AD0491E14D0FD397AD0491E00F08180491E6DD0491EE0
:2049D00073D0491E00F09580ABE0002C2AD1F068017829800278416887E0002C22D1012022
:2049F0002880F1680A783A7000217089401C80B20AF082FC298860B10278921C511829805E
:204A1000418979704289120ABA7041680278F81C6CE0091D298004220021781C0AF0E4F9BE
:204A300093E0002C66D1F0680688042129803E70320A7A700DF1020130460AF05DFC04003A
:204A500021D0D4F80C80BDF802204FF6FF766B4631460AF04DFC40B9237862683C480221FC
:204A70000AF042FC08B9ADF8006098F8000002280BD1D8F804100222381D09F005FE288889
:204A9000801C288001E0ADF80060BDF80000B870BDF80010090AF97057E0002C2AD1F06808
:204AB0000168504609F05EFF02E01CBBF0680088022129803870000A787046E0F0680AF01A
:204AD00095F980B2A042B8BF4FF007093DDB844208BF002205D008EB04028242B4BF42460A
:204AF000021B2A8092B2F0680119384609F0CCFD2BE014B14FF00B0927E0F0680721298096
:204B100002783A7043787B704188B9704288120AFA7001793971C2887A71C088000AB871A5
:204B300013E058460AF0DCFB5FEA00090BD00F980290CDF8048000942B463A4631465046C2
:204B5000C847814601E04FF00E094846BDE8FE8FC40001002DE9F04F0646880FADF1140DBC
:204B7000C0F0D7806C4F381D006841688D68CC68486800B18047B946694F002D08BF002CD5
:204B90000DD038461C300368002BFCD00021016005B1A84704B1A047604809F023F83C46FB
:204BB00000256049E5616048216040F60A0CA0F800C04580017B65F303010173AA46C0F84B
:204BD00004A0417B4FF0010B6BF303014173B268737C558011888646A1F60201C9B141F27A
:204BF0001E07C91B15D041F6E677C91B012920D8507E012B65F38200507606D0108B20F4FE
:204C10007C7040F43470108313E0108B65F30910F9E7507C012B65F38200507405D0108A49
:204C300020F47C7040F4347002E0108A65F309101082D6F8088075746046474600E01F4656
:204C50007B6813B119888842F9D1C7F804E0797B65F303017973D9F86C303BB1D96809885E
:204C7000C21F8A421ED0801F88421BD0338CDBB1C6F824A006F12000458096F82C1065F36A
:204C9000030186F82C1096F82D106BF3030186F82D10CEF804009EF80D0065F303008EF810
:204CB0000D0001E0C9F808502048036882680192C168406B0093102220F0784040F080502C
:204CD00003901B480291694604F0CAFAE0690028FCD01848C9F8140099F81D00E56178B93D
:204CF00015480068006801465846884701280DD0787B6BF303007873104EC9F8146005E006
:204D100007F004FE0028FBD00AF056F8E561C4F8008005B0BDE8F08F0818002001000706A6
:204D30000010044001010E04E42000204C13005018000021612B0000E00100101DB600009F
:204D5000F0B5754C774E6568401EADF12C0D70D0401E6BA76BD0801E52D0401E41D0401E9E
:204D700004D0401E36D0401E32D02DE004F17000FBF7DEFC69491020FEF792FF6849C5B2BD
:204D900001AB10206A1EFEF78BFF48B9009560680221002248A308F0D2FE0DF106000DE0D9
:204DB0000C363046016806AF39608088B8806068002245A3022108F0C2FE3846656807F045
:204DD00059F90321034607E028460221002214E040A300E041A302212846002208F0AFFE77
:204DF00067E0142008F062FF60680221002241A308F0A5FE60680321052209F0BDFE58E044
:204E1000012504F170008DF82950FBF74DFF142008F04CFF60680321052209F0ADFE40F25B
:204E300005300DF129022946FEF748F965683B46D1E731460A6808A8026089888180002626
:204E50008DF808609DF824708DF807609DF821108DF80A709DF825308DF805109DF8222020
:204E70008DF80B309DF820008DF806209DF823108DF8040001AF8DF809102B497868486067
:204E90003A680A6008A807F0F5F8034601213246284608F054FE606802211CA3324608F0AD
:204EB0004EFE012140F205300AAA8DF82810FEF705F90BB0F0BDC0464E756D20436F6E6E5D
:204ED000733A20256400C046436F6E6E656374656400C0464572726F7200C046436F6E6E2F
:204EF0006563746564204164766572746973696E6700C04654696D6564204F757400C046A6
:204F10004164766572746973696E6700496E697469616C697A65640008020020F17F0110E0
:204F3000097F0110E80700200F0B00202DE9F04F734CDFF8C8A1E56988468146ADF1140D89
:204F5000002D4CD1B9F1000F5ED0B8F1000F5BD008F09EFD06460A2E267422DAD8F814702C
:204F7000002F3DD0700010216A4600EB86002330C0B209F093F990B950460778FF21102229
:204F9000684609F0BFFA50B93FB999F80600494600F001000AF0A0F901E00120A074E56992
:204FB0001DE004F1E60B0A2700265846FF21062209F0A8FA88B97F1E0BF10E0B06F1010635
:204FD000F3D1607C002804BF0A2020741CD094F83660304601F056FAE569267400E0267C49
:204FF0000A2E11DA002D4DD0AA68002A3ED12A69002A2FD16A690ABBEA683AB9A07B08B17B
:2050100008F09AF909F03BF9012074E07000102100EB86002430C0B201F03AFFE769217C64
:20503000FA68480000EB8100103225300421C0B201F02EFFE1690020C8605BE07000102190
:2050500000EB86002330C0B201F022FFE169002048614FE070001C2100EB86002230C0B2D4
:2050700001F016FFE1690020086143E070001C2100EB86002130C0B201F00AFFE1690020DF
:20509000886037E070000E214A4600EB86002030C0B201F0FDFE207C07F0D6F86846FF2184
:2050B000102205F0F7F9207C10216A467030C0B201F0EEFE207C0101A1EB400109190E20A2
:2050D000E63119F8012B401E01F8012BF9D1D8F814206AB15046007840B9107C02F1110168
:2050F000002300F001000AF0F3F801E00120A074C4F81C80002005B0BDE8F08F5A4F002077
:20511000D40C00207CB56D4D044668680E4628B94FF00040002106F037FB686000213CA3B5
:205130000A4608F00CFD20463DA3801E08D0801E61D0401E4CD0401E37D0401E22D00EE066
:205150006868012E05D000210A4608F0F8FC37A357E000210A4608F0F2FC39A351E06868C9
:2051700000210A4608F0EBFC6868022100223AA308F0E5FC01208DF803009DF8030000289B
:20519000FBD17CBD686800210A4608F0D8FC68680221002236A308F0D2FC01208DF8020091
:2051B0009DF802000028FBD17CBD686800210A4608F0C5FC68680221002232A308F0BFFC84
:2051D00001208DF801009DF801000028FBD17CBD686800210A4608F0B2FC68680221002259
:2051F0002DA308F0ACFC01208DF800009DF800000028FBD17CBD686800210A4608F09FFCF3
:2052100029A368680221002208F099FC7CBDC0463E3E3E535441434B2041535345525400AF
:205230002A2A2A4552524F522A2A2A003E3E20494E5445524E414C204552524F522100C054
:205250003E3E20494E5445524E414C204657204552524F522100C0463E3E204445464155B6
:205270004C54205350494E4C4F434B2100C046C03E3E2057524F4E47204150492043414C01
:205290004C2100C03E3E204943414C4C2054494D454F55542100C0463E3E204943414C4C61
:2052B0002041424F525421003E3E204F5554204F46204D454D4F52592100C0460802002092
:2052D0002DE9F04FADF11C0D0190049300280392109D0291119C059500F0BC80081C00F0F6
:2052F000B980101C00F0B680181C00F0B380281C00F0B080002C00F0B280206A002800F068
:20531000A9805A4D676A281D0068002F00F0A280A16A09F0D9FF40B2071C08BF6FF00207CE
:2053300000F0948020786288216A84F82C7000EB80001218143290B288474B49086030B963
:205350002846406809F0BCFF4FF0FF377EE00846B4F802B06688277894F800900568204678
:2053700006F038FE2078AB44C01C8010CBF800002078B919491901F1040AC01C8010CAF841
:205390000000207806EB4703591901F10808C01C8010C8F80000217809EB49094B469A1967
:2053B000521902F10C09C91C8910C9F800102178D8198019401900F11005C91C8810019982
:2053D000286022780BF1040003F04AFF227802990AF1040003F044FF2278039908F10400C2
:2053F00003F03EFF2378204651464246FFF7A6F8071C14D100955846514642464B4609F0D5
:205410005BFF80462278049809F1040103F028FF22780598291D03F023FF4FFA88F7124859
:2054300021786288006801EB81015218002105F031F80D4E606A0146306888470B4840688C
:2054500009F03EFFF8B2992808BF002784F82C70384606E01CB16FF0010084F82C006FF0FD
:20547000010007B0BDE8F08F884F0020D41500202DE9F04FADF1240D079001F035F95F48BF
:20549000007808F089FC5E4D0024012806D90C3804D0401E0ED0401E09D006E009F040F88E
:2054B000022804BF01210C1C06D0696805E005211F2401E0032107246960524A1068C0F3F0
:2054D0008150012806D152F80C0C0127020E07FA02F0044309F06EFA05F1440AFF225346B8
:2054F0004018401E471C28607F1E03F8012BFBD1079A1268002602F0FF03FE2B1DD0DDF84B
:205510001CC0964633460EF0FF07FF2F0ED0B84205D3B94203D80122BA40144201D002202C
:2055300069E016430EF0FF020AF802305CF804EF5B1C0EF0FF07FE2FE7D1092002F0C2FF03
:2055500007980121A86005F1280008F0DBF900274FF0010BB9462846804600F198050BFA50
:2055700007F0044216D1064204BF07F0FF0141F4C04104D01AF80700079951F8201022484F
:2055900001F0F2FAF8B24FF0FF3108F029FCC5F8009001E004202860D8F800007F1C2D1D59
:2055B0008742DCD904A809F0E5F9184C184A2078102104AB059008F10C0007F087FA6846DC
:2055D00009F008FACDF80C906A4660681149029008F1640007F0D6FA0F4951F80D0C20F409
:2055F000F85040F4005041F80D0C0C4FC1F8FFBF4846C7F800B009B0BDE8F08F8D21002003
:20561000840F0020B43F0050007FC767D803010075E30000DDC800000D3009400800094027
:2056300061480178002900D170472DE9F843491E032984B004D9891F012940F2B180A9E0D4
:205650005A4CDFF86C912068DFF8688103685A4E03F10805062205F1080102A809F014F88E
:205670000622A91C684609F00FF82878C1091D2700F00F02032AC0F3801537D16079C0F3C7
:20569000800081421ED12169062202A808F02CFD00287AD06946284609F0AEFE002874D0AB
:2056B0003146684609F0A4FEFF286ED04743D8F80000807AF519002818BF02280AD0012827
:2056D00018BF032861D1F25D691C484609F0F0FD10285AD06B46EA1D2946484609F0E4FD4D
:2056F00006226946E81D08F0CFFF4EE000F00F00052855D16079C0F38000814245D1216909
:20571000062202A808F0F0FC00283ED06946284609F072FE002838D03146684609F068FE53
:20573000FF2832D04743D8F80000807AF519002818BF01280AD0022818BF032825D1F25D5B
:20575000691C484609F0B4FD10281ED040F2024007F036FA6B46EA1D2946484609F0A4FD6C
:2057700006226946E81D08F08FFF1448144A41F204414180418341861248018012491348A8
:2057900011600121007802F085F821680A680020107105E0002008F047FE862009F004FE00
:2057B00005B0BDE8F08300BF6F4F0020F44B0020CC470020104F0020AC450020204A0020C3
:2057D000204F0020504F0020595501106E4F00202DE9F843614C5A4D5A4EDFF870815E4F0D
:2057F00094F8E4100846401E0B2864D8DFE800F07B2C43062343062343067664042907D0A1
:2058100001220A2945F8212C14BF0220032004E0202045F8210C0120024684F8E20000200B
:2058300045F8390C0827C5F8FF7FC5F8F37F45F8392CBDE8F883052914BF09200620002704
:2058500084F8E400376075E094F8E170383D0120002FC5F81B0004BF0620002102D0002175
:20587000F160032084F8E400032045F8010C3160306880085ED294F8E410334801270329A7
:205890000ED00068456800216022052300914046A84794F8E400062814BF0A200720CFE7BC
:2058B00000684568002160220523022000904046A8470420C4E7FEE72548264F00260125EF
:2058D00006600E203D6002F077FB022007F098FC84F8E45084F8E360BDE8F883002038602F
:2058F0000C25786024E04FF08059D9F8A0010168202088472C3D0F2045F8010C41F61D56FD
:20591000C5F80360D9F8A401466800214FF4C0720723022540460095B047D9F8A401C66896
:2059300000214FF4C07207234046B0470120386084F8E45004F1780009F028FABDE8F88309
:2059500039400C4038600C40A401001000A00C402C500C4004800C4034600C4098100020AD
:205970002DE9F04F88468246ADF1AC0D299209F0CFFC5C4CE67894F80BB0A57A94F80C90C2
:20599000071C00F0AB8068460021A42204F082FD2801279A55498DF8046005F0030300F451
:2059B000807605F00405ADF800A0B9F1020F01EA020143EA01024C4B8DF8A0B046EA020126
:2059D00000F4C06603EA010246EA020045EA00054FF00000279508BF01208DF8370009F0AF
:2059F0005FFC412809DB207B00280CBF002008209DF8991008438DF89900607B002804BFAC
:205A100000208DF8380017D001208DF8380004F1860120220DF1390008F036FE0DF159005C
:205A300004F1A601202208F02FFE0DF1790004F1C601202208F028FEA07940B18DF826000B
:205A500004F1500110220DF1270008F01DFE66793EB104F16000B91D0622054608F044FBE3
:205A700068B92079002804BF00208DF8050015D08DF8050004F140010DF106000BE08DF8AE
:205A900005600DF1060005F11601102208F0FCFD0DF11600A91D102208F0F6FDE07930B12C
:205AB000B8F1000F03D0279941F002012791002100B10121A7789DF89900002F41EA000103
:205AD0008DF899100CBF002004209DF89910084329998DF89900684609F0DEFB2BB0BDE810
:205AF000F08FC046D40C0020FBF9FFFFFCFEFFFF70B5484C484B2568186855F8183F002208
:205B10004FF0FF3198474548454A416B454C8868454D41791170002609F0BAFB434809F0B9
:205B3000B3FB09F0ADFB4248026800215171A02301680722CB804A72032103681972002297
:205B500001684A7700230268D3760021036883F85C10012201680A770123026882F85D3020
:205B70000021006880F85E100EE06068F1B24FF4C072514342185379012B04D1F0B208F083
:205B90006BFE09F079FB761C2978F0B28842ECD309F06EFB2748284A0178284C117007F019
:205BB0002DF82748D02130220023017042708370C370037143718371C37109F055FB21498F
:205BD000214B00200870002220491A700120204B08701A701F49204B08701A701B201F4996
:205BF0001F4B0A701A804FF4A4721E491E4B08801A80FB201D491E4A088040F648001D4977
:205C10001080FB230B80208009F02AFB1A490020087070BDF04E0020EC4E00207004010028
:205C3000714F0020684E00207B4F0020CC470020104F00206D4F00207A4F00204E4F002080
:205C500050210020734F0020744F0020754F0020764F0020774F0020784F0020794F002060
:205C7000524F0020444F0020464F0020484F00204A4F00204C4F00206F4F00205A480178C7
:205C9000042900D870472DE9F84F891F2FD0491E012900F29E80DFF854A19AF80200FF280C
:205CB00025D008F0D9FD83460BF16C07786809F0D3FA804698F80400032818D1D8F80800ED
:205CD000047814F0030404D17868BDE8F24F09F0BFBA4578032C00F102090BF20F160BD03B
:205CF00035B1387820B93D2171700120307078E03F490A78012A74D09BF8941059B32D1FC5
:205D1000EDB24B462A462146584609F09DFA40B93D207070012131703648BDE8F24F09F0E8
:205D30008FBA35480168884700904FF4C0709BF80620DAF8041042438818002180F83911AB
:205D50000BF59A7001688079490805F0D3FA2B4900980A6890470020032CC8F8080016D062
:205D7000274841690878820707D5C0074CBF03200020401919F8000000E081203872234602
:205D90009AF802002A46494600F094F918E099F80000192803D21B4A115C8D4205D0B070AE
:205DB0000721584609F0D8FA07E00F480178082903D049465846FDF737FD484606F06AFA4A
:205DD000786809F045FA41465846BDE8F44F09F033BA002008F028FBBDE8F24F862009F0E8
:205DF000E3BABDE8F18F00BF6F4F0020684E0020794F0020AC450020B4110020B811002097
:205E100070040100A80401002DE9FF4104466668A7680D4608F0C2FF3178012903D109F027
:205E3000B7FA00208EE00121317009F0B1FA287870706878B07068687060A868B060E8681C
:205E5000F06028693061287D3075687D7075A87DB075A869B061287F3077687F7077A87FFD
:205E70004FF0000843461D4686F82851B07786F82951C6F82080336375627563B562B563F7
:205E900086F82C5086F82D50786802F01BFB204603F0CEFA204603F017FB60B9386808F0D8
:205EB00073F8786802F088F808F078FF357009F06FFA2C4645E0684608F05CFD0094387BC2
:205ED000224A0190B9686B4606F17C0006F0FEFD684608F07FFD00941D4938696A46029080
:205EF00006F1980006F04EFEB07830B906F1CC00294607F007FD17483061707830B906F1CB
:205F1000E800294607F0FEFC1348F060684608F0C3FE01958DF800501049029406F58270D0
:205F30000A226B4606F006F8B969FA6906F13C0008F0ECFC0A4A06F168000421234607F0B0
:205F500065FE20460090BDE8FF81C04615620000DDB6000025ED00001DED0000A5C400001E
:205F7000F5EA0000F0B5514C20780D46E90BADF11C0DC90372D1A80860D2E069216A6A0813
:205F90000ED2E80828BF85F0040580F08C80680904D304F083F885F0100584E0002083E018
:205FB000868861B904F11600414A00904FF6FF710223012009F03CF90146216221B304A810
:205FD00000900027019702230293FF220392E28A30460DF11203FEF7BDFC58B99DF8130096
:205FF0009DF81220216A12EB002204D04989304606F0EAFB216AE28A08463B464FF6FF71AE
:2060100009F076F901462162A069002918BF85F001051AD168B143685BB1E069808801218C
:2060300000229847A069E7694368B88803210022984708F0EBF985F0010534E00020014614
:20605000FEF774FF18B185F00205012102E0022185F00205207801F01DFC24E003F0B4FD96
:20607000071C1ED038780126B03811D0401E02D01F3808D011E0387978B97888F9883A89E9
:2060900006F0A2FB0AE03846FEF75EFB064604E0397907F10800FAF73BFB16B1384608F061
:2060B00033F885F40045A8B207B0F0BDD40C0020CC0001002DE9FC4706460C4615469A462A
:2060D000C0B208F0C9FB8146F0B208F093FC0646494F3079DFF82481012802D0022843D051
:2060F00082E0BAF1020F0AD100207080308002223271B06806F0CEF80020B06037E030883D
:2061100071882A1891420BDA00207080308002223271B06806F0BEF80020B0608B2061E015
:20613000B3682A462146184408F0AEFA30882D183580ADB27288954256D199F8741080299A
:2061500017BF81297F2198F80000091A49B200915346B168B878D2B209F066F80020708003
:206170003080022232713FE0BAF1020F3CD1042DB8BF8C2036DB20786178001D40EA012072
:206190001F49708083B20A789A4238BF8A2029D381B2A94238BF8B2024D380B209F040F84D
:2061B000B060F0B12A46214608F06EFA7288954211D199F87410802917BF81297F2198F8C6
:2061D0000000091A49B200910223B168B878D2B209F02AF808E030882D1835800121317195
:2061F00002E0812004F05AF824B12046BDE8F64706F050B8BDE8F387684E0020704F0020D7
:206210006B4F00202DE9F84F8046D8F808603068D8F80450076CDFF830B14764AB6B6A6CBB
:20623000286C17F4F06F1946A0EB020934D1F8091ED2780974D3B1B196F821205846801D31
:20625000845C601E814294BF1C1C641E4046214607F0D2FAA86B001BA86361D105F1980057
:20627000012108F0B5FD4046494607F05BFD57E00029F8D0404607F0BFFA95F82D10A863AB
:2062900011B900284CD101E00020A86305F19800012108F09DFD43E0F80A20D24FF0000A31
:2062B000544602E0AB6B5B1EAB6393B14046012107F0A2FA3068446814F00F04C0F804A07F
:2062D000F0D0286B401E2863686B401E6863A86BE8B905F19800012108F07AFD13E0306818
:2062F00044680022202904F00F044260CCBF4FF0200A9A464046514607F07EFACAF1200093
:206310008145C8BF81464946404607F00BFDEC77404605F0E5FF726A12B140462146904720
:20633000B8090FD3A96A69B10F46404607F07BFAA86238B996F820205946895C4046C91981
:2063500005F0E8FEBDE8F88F440001002DE9FC4705466E68D5F8088037780FB1B76B1FB1B1
:206370004FF0FF30BDE8FC8731630024F477171C74631BD006F13C0908F010FD82466946A7
:20639000484606F0C2FB00281ED4504609F000F89DF80000316B0870306B736B7F1E00F15B
:2063B0000100306303F101007063E5D17078726B316B0128A1EB0201316303D1F368284671
:2063D0009847726B144659E0B763D8F80010086B40F400700863D8F80010886B40F4FA6081
:2063F0008863504608F0D4FF06F5947007F0CCFE707806F5947768BB08F0D0FC96F82D10E1
:2064100069B1716B59B1B16B49B1B46308F0C0FF06F5947007F0A8FE706BBDE8FC8708F0F1
:20643000B7FF716806F1E805284608F078FA0028F2D0B4632846214608F071FA0028EBD0E5
:20645000384607F091FE1027716B306BF777401A3063E1E708F0A2FC96F82D1061B1716B08
:2064700051B1B16B41B1B46308F092FF06F19800012108F0ADFC01E008F08AFF2046BDE89D
:20649000FC8770472DE9F041494E0546307CADF1500DA84209D13078012106F081FF307836
:2064B000022106F07DFF07F0B1FF6C0004EB85040E210FAA04F1200004F120075FFA80F8C2
:2064D000F8B207F0EBFE00286DD106200DF13B0111F8012FFF2A02D1401EF9D163E068460E
:2064F000FF211C2203F0D6FF07A8FF21102203F0D1FF04F1230010210BAAC0B2074607F0EE
:20651000CDFEB0B910200DF12B0111F8012FFF2A02D1401EF9D10CE02648007838B99DF828
:2065300042000FA900F0010008F0D6FE01E00120B0740FA8FF210E2203F0ACFF40460E2114
:206550000FAA00F0A5FC06461C216A4604F12100C0B200F09DFC1C216A46064304F122004A
:20657000C0B200F095FC10216A460643384600F08FFC10216A46064304F12400C0B200F050
:2065900087FC04F1250704216A460643F8B200F07FFC7035102107AA40EA0604E8B200F0CF
:2065B00077FC204300E0002014B0BDE8F081C046D40C00205A4F00202DE9FE4F00281C465F
:2065D00000908B46019200F08180BBF1000F7DD0101C7BD0002C7ED0206A002876D0414D47
:2065F000676A281D0068002F70D0A16A08F06CFE40B2071C08BF6FF0020063D0207862883F
:20661000216A84F82C7000EB400012180C3290B288473349086030B92846406808F050FEFA
:206630004FF0FF304EE088466588B4F8029094F800A0D8F80060204605F0CCFC20780AEBA9
:206650000907AD19BF1909EB4A01C01C80108E192860207800993F1DC01C80103860207879
:206670000836C01C801030602278281D02F0F8FD28463A463346014608F0CEFD2278391DA9
:206690008146584602F0ECFD22780198311D02F0E7FD21786288D8F8000001EB4101521868
:2066B000002103F0F7FE606A0146D8F8000088470C48406808F004FE4FFA89F0C1B2992924
:2066D00008BF002084F82C00BDE8FE8F1CB16FF0010084F82C006FF00100BDE8FE8FC0467C
:2066F000884F0020D41500202DE9FF47484C94F8E700002876D13E4E01273C48F57C84F893
:20671000E770736884F8E6500068C4F81031C0F3801084F8E800684608F0BEFA002504F101
:206730000C0001956B468DF80050324902952A4605F000FC304904F130006B462A4605F0FA
:20675000F9FB2E4904F154006B4681462A4605F0F1FBB16838468847DFF8B0802848327D20
:2067700008F104030078284E1868C0F3815A22B1BAF1030F04D184F8E170BAF1030F17D037
:20679000BAF1020F14D0BAF1010F0ED0022006F0E7FE1C480068016804208847012804D08E
:2067B00030683221B1FBF0F10DE006F09FFA12E0022006F0D5FEBAF1030F0CBF4FF47A7142
:2067D00042F210713068B1FBF0F1484608F0DCFA484608F0DBFA40460068C00802D2284620
:2067F00006F0BEFE00200090BDE8FF8714100940E00201003BB70000D98C00004DAC00005C
:206810008D210020E001001078210020B03F0050981000202DE9F041FF2807461ED108F047
:20683000F3F910F0070F16D0042006F0B9FB08B104200AE0012006F0B3FB08B1012004E048
:20685000022006F0ADFB20B10220BDE8F04106F0C3BB07F0E9FD0020BDE8F08106F0BCFB6B
:206870008046012FD8F80450334E04D0022F29D0042F3DD0EFE7022006F092FB80B1022061
:2068900006F0AAFB074601207C6806F089FB28B1A0683118A86808F08FFD88B13846DBE74A
:2068B000042006F07DFB28B1042006F095FB0746012026E0012006F073FB08B94FF00008B2
:2068D0004046C9E7042006F06BFB28B1042006F083FB0746022014E0012006F061FB28B1D2
:2068F000012006F079FB074602200AE00220E2E7012006F055FB88B1012006F06DFB07464D
:2069100004207C6806F04CFB0028C7D0A0683118A86808F051FD0028C0D1D1E7022006F033
:206930003FFB30B1022006F057FB074604207C68E8E70420BFE700BF589EFFFF2DE9FC47C8
:2069500006F082FBDFF80491824609F1020000880027001F84B2042C51DBFF254FF6FF7844
:2069700020466946042206F057FABDF802C06146081D84420ADA002007F056FD05F0AAF996
:20699000504607F035FD0020BDE8FC87BDF80060B0452CD05EB3F00BC3032BD1B54229D01C
:2069B000381FF5B280B2042812DBB0F5805F0FDA00F188531B6801AA1360BDF804209542F4
:2069D00018D0BDF80620801A001F80B20428ECDA601A091D07F188538AB280B2194606F0D1
:2069F0001BFABDF80210C819001D87B202E0C80BC60300D1641A241FA4B2042CB0DA05F05F
:206A100069F96FB10F480068114983693A46091D4FF0885098470C490020086007F044FF2C
:206A3000504607F0E5FC4A46507800281CBF0020011C03D1C7F58054391DA0B25180BDE8BE
:206A5000FC87C046A801001084046042E017002000E001002DE9F84F804691460A9CDDF84D
:206A70002CB00C9E0D9D9A46484608F051FC07002FD0B8F1000F2CD138795FEA0A714CBFE8
:206A900040F0200000F0DF00002C08BFBBF1000F07D1002E08BF002D03D100F0FB003871B7
:206AB00017E040F0040038713DB12869B8621022294607F1180007F0E7FD54B1F86A08B1AD
:206AD00007F0D8FF26480268906D1C2107F0C8FCF862244F3868002840D084B1D0F8A400C5
:206AF00028B91C2007F0B6FF3968C1F8A4003868D0F8A40018B11C22214607F0C5FD8EB14D
:206B10003968D1F8A80028B9172007F0A3FF3968C1F8A8003868D0F8A80018B11722314617
:206B300007F0B2FD8DB13968D1F8AC0028B9142007F090FF3968C1F8AC003868D0F8AC0096
:206B500018B11422294607F09FFD5B4652464946404601B0BDE8F04F08F05ABBBDE8F18F0F
:206B7000304F0020A44E00202DE9F84F0E4607465FFA86F8300824BF3A484640DFF8F09005
:206B9000394C4FEA8805A9F10100405907EA0602144086EA00013940B843C1F3006307F422
:206BB000E0210443B1F5E02F01D1600E14D307F4E020184310D004F4E020B0F5A02007D037
:206BD000B0F5803004BF24F4003444F4A02403E024F4803444F4C02424484FF0010A0AFAC0
:206BF00008FBC0F800B008F0D9F84946230A6D182B70220C6A70210EA97008F0C9FB1D4C00
:206C1000524604F1D00ADAF80010002002FA08F50D4218BF101C5FEA000905D1F80D24BFA0
:206C3000C6F3805004F80800380E0DD308F0B6F8310E34BF0021291CDAF80020AA43114320
:206C5000CAF8001008F0A4FBB9F1000F05D0F80D24BFC6F3805004F808000448C0F800B004
:206C7000BDE8F88F006000A0007F077FE020026001100840002002402DE9FE430D884A88F8
:206C9000AA4201D32A0001D1012075E000230024ADF8043002944FF6FF7881460F4627E01D
:206CB0000294287802283AD1BDF8006001218DF80610B6082878022860D1688904F8010BD5
:206CD00002226989090A04F8011B2046696807F0DBFCA41CBDF80400401CADF80400B1B27D
:206CF000BDF80400884249D26D89454546D06D1C00200090002379880022A8B208F098FAED
:206D100005003BD0BDF8040008BB6B4642460521484608F079FA0400C2D111202CE0022089
:206D30008DF806001221BDF8000090FBF1F62A78102A23D1688904F8010B6989090A04F894
:206D5000011B2046696807F09FFC1034C2E79DF806000128EBD1ADE701A9484608F050FAC3
:206D700048B101AB05221621484608F045FA10B1029805F08FFA0020BDE8FE83BDF8040063
:206D90000028E9D10A20F7E72DE9F04391460A68D9F800501678804600271C463846ADF14D
:206DB000140D531C242E0B605BD112F8016F5B1C4C2E0B600ED1A268ED1C25F003052D1D1B
:206DD00055F8040C414604F051FC2168E7600127091A2160462E1AD1ED1C25F003052D1D13
:206DF00055F8040CED1C029025F003052D1D55F8040C002741460390A268ADF8047001A8BA
:206E100001F0C6FD2168E7600127091A2160532E27D1ED1C25F003052D1D55F8040CE0618B
:206E3000C9F80050208B0090A168E269D8F800004B46F9F741FFD8F80050002755B1A168BB
:206E5000002902DD8142D8BF481ED8F800100918C8F80010D9F800502168E7600127091A4D
:206E70002160662E0AD1238B23B9ED1D25F00705083503E0ED1C25F003052D1D1FB9E169AB
:206E90000E700127E760C9F8005005B0BDE8F0832DE9FE4F3B4D4FF0000A934602908846AA
:206EB00085F801A004F042FF071C1BD0B8F1000F08BF544614D0ABF101094646544638461A
:206ED00001A9012205F0A8FF9DF8041019F8010F884205D17F1C761E04F10104BFB2EED176
:206EF000A0454CD06F8808F103004FF6FC7440F6FC7104EA0006B819814204DA07F0C2FD1A
:206F1000FFF71CFD6F88E41C46F40040ADF80040BB19ADF80200694601229CB2204602F009
:206F3000EDF9BDF80200694601226FF3DF30ADF80200204602F0E2F9B0105946C2B2384636
:206F500002F0DCF902986946012240F40040ADF80000204602F0D2F9BDF80000694601222B
:206F70006FF3DF30ADF80000204602F0C7F9687820B968888019001D688000E0824650464E
:206F9000BDE8FE8FE017002080B52B48006808B107F070FD2948006808B107F06BFD28480A
:206FB000006808B107F066FD2648006808B107F061FD2548806808B107F05CFD2348006831
:206FD00008B107F057FD2248006808B107F052FD2048006808B107F04DFD1F48006808B17A
:206FF00007F048FD1D48406808B107F043FD1C48006808B107F03EFD1A48006808B107F017
:2070100039FD1948006808B107F034FD1748006808B107F02FFD1648006808B107F02AFD40
:20703000002007F001FA13480078BDE804404FF4804100F02FBC00BF104F0020144F0020D2
:20705000184F00201C4F002028210020004F002064210020804E0020844E0020684E0020DB
:20707000884E00208C4E0020904E0020682100206C2100206E4F00202DE9F843374C143CBB
:20709000666F656F04F17409002E65D0F06840F603020827531C02E040687F1EFFB260B148
:2070B0005FB101888A4218BF8B42F5D131694CC820314CC189C881E8890005F1280090E80C
:2070D0000C00002705F12806B84686E88001AF687FB14FF0E241404611EA030700EA020636
:2070F0000EBF002E02400B40AE682869B5F93C10B04707F053FE0646B4F986004746401CB0
:207110006FF31F30A4F88600484685F83F7006F008FF304608F03CF9B4F984106068B4F97C
:2071300086300246994217D192F8701000290CBF0068381C82F8707060B1B0F1FF3F0BD09F
:2071500007490968AC34B0FBF1F1204607F004FBBDE8F88307F014F9BDE8F8831C180020FD
:20717000782100202DE9F04F064685B070888946924608F03DF8871EBFB2DFF8C8B0DFF868
:20719000C880324D2989B81E88424CDB5FEA090049D104A80090337B7189308906F10D0290
:2071B00008F046F804003ED060893081BDF81020217A708808F018F85FEA000933D130795E
:2071D000B91E0022039089B201920291CDF80080DBF80030BDF8102070882146FDF7BAFB7D
:2071F0005FEA00091FD16389B8F80020DBF80010708807F0F5FF5FEA000914D130894FF686
:20721000FF7188421CBF401C3081BBD10BE05FEA09003089AAF8000008BF4FF00A09484671
:2072300005B0BDE8F08F28890028F0D0698890FBF1F028802946708807F0CEFF0028EFD0B5
:207250001620EDE7E04E00203E4F0020FC4C00202DE9F0410E4606AF347839888046022C00
:207270004FF0FF0758D170684578007842F6021400EB0520001B4FF0000417D04DF2EF654D
:20729000401B0AD0801E45D1002941D1012B3DD11078F1680227087041E0002938D1022B7E
:2072B00034D1F06811882746018038E000292FD1022B2BD15078157805EB002535F00100E0
:2072D00022D1F0680168404607F04CFB854224D0F06806683146404606F0E6FE90B9154828
:2072F00003785BB1361F4FF6FF7136F8040F814202D05B1EF9D101E0301C01D111240CE0B4
:20731000A0F80080857008E0802406E00D2404E00B2402E00A2400E00124FF2F07D0064832
:20733000006820B1006810B10146384688472046BDE8F081694F0020500E0020F8B507F0D1
:2073500021FC03F007FF07F02FFC054605F00C000C2854D0E80826D206F0B0FB2A4E3768A1
:2073700004460120014606F04EFF31686143884219D22649F020B0FBF7F0241A887C18B1FA
:20739000C868A04238BF041C214D2146284607F01FFF2846F9F7CCF90120FCF79BFD28461F
:2073B000F9F782FC2DE0280929D21A4CA4F1200620688168184888470746042FF8D01748AE
:2073D000690905D227B101460A6822F0010203E001460A6842F001020A6098310A6842F006
:2073F00003020A6030688169202088470C4C37682068B86B804701202060206801E007F013
:20741000BBFC07F0C5FBF8BD34040100E0020100A4100020D8010010004003408C210840E8
:207430002C2009402DE9F84F374E0446B0688047344D05F10802116809191160F1688847E7
:20745000286800285BD0A9464FF0000807463546C246A868804756461FFAA4F3834683B90B
:207470005FFA94F36BB93979E0B2884204DD79682046884209D20AE03879E1B2401A3871EC
:2074900008E079682046884201D3314601E07968091A7960B88878B9FB8853B9FB6843B183
:2074B0003B8933B1B87A194600F0F4F9F8687860B88808B9FB880BB13B896BB9B8F1000F8E
:2074D00004BF3868C9F8000003D03868C8F8000038683E46074601E0B8463F68E96858465F
:2074F000884756B1B08828B9F08818B9B07A318900F0D0F9304607F0BDFA002FA9D1BDE835
:20751000F88FC0461C210020AC11002033488078FF2800D170472DE9F04107F09DF9054653
:2075300095F80F0101281EBF29684878002852D02B48447BC37A027B817AC07901EB0008E9
:2075500090440028984408BF002BA04403D1002A08BF002C01D0002603E0002914BF01267F
:207570000226204F3868B0B3B888AA7990421CBF4FF6FD7188422ED11B48007A07F072FA95
:20759000040028D02670A879184960800A68A879115C217195F974006071A4F80680B5F8B3
:2075B0001401208107F036FA050005D1FF204FF0FF31A072E16009E02878A07207F000FF91
:2075D0000146A86807F000FE8008E06020463968BDE8F0410847BDE8F08100BF684E0020B0
:2075F0005C4D002048210020201700206C2100202DE9F04F364D8DB0804628688946924613
:2076100008B9122061E0C08807F082FE040008BF14205AD009A807F0D3FD29680878F8B10C
:2076300009AA0192C96E009107F0C6FD070018BF0127002007F0BCFD8346607981070AD593
:207650000622002104F10C0006F05CFF18B9012504F10C0624E0657905F00105A61D1FE0E2
:20767000C96E019109AA009207F0A6FD050018BF0125002007F09CFD0646607981070AD514
:207690000622002104F10C0006F03CFF18B9012704F10C0B04E0677907F0010704F1060B91
:2076B000009807A907F080FD019805A907F078FDCDF810A003960295CDF804B0009705ABE6
:2076D00007AA4946404607F067FD0DB0BDE8F08F304F00202DE9F04707467D68BE6890467E
:2076F0008A4607F05BFB81463068006B00F48071287800B119B1484607F04AFE57E005F595
:20771000827007F045FB0024EC77C5F820A06C623168086B40F480700863484607F038FE08
:2077300005F2291006F030FD4146384606F07BF805F22919A862A8B93846414604F0EAFCF5
:20775000A878D0B9A96805F1CC0007F0E8F8E8B1AC621020E8773146284602F05FFD05F266
:20777000291022E007F01AFB3268916B41F02001916307F00DFEA87810B12046BDE8F08771
:20779000A96805F1CC0007F0CAF810B9686ABDE8F0873846414604F0BDFC1020AC6231462F
:2077B000E877284602F03AFD484606F0DDFC4FF0FF30BDE8F08770472DE9F0410C4617462F
:2077D0000546984600210622ADF1300D09A802F061FE2846214609AA00F0C0FD05460A2D93
:2077F00047DA06F0B3FA0646434629463846324603F028F868460021142202F04BFE6800C0
:2078100000EB850010216A4604462430C0B206F045FDA8B91020ADF1010111F8012FFF2A2C
:2078300002D1401EF9D10BE0253404AA0421E0B206F034FD384606F001016A4607F0A8FCAC
:2078500005F17000102105AAC0B206F027FD68B905A806F005FD042404AE36F8041F19B18B
:20787000B278384606F000FC641EF6D1284604F0EBFCB8F1040F07D10548401C00780228ED
:2078900002D1384604F02AFE0CB00020BDE8F081D40C00202DE9F843DFF8C880304E8146C4
:2078B0000C4639F07F0019D1B9F10A0F13DA2E4DA86880472949096831F81920144321F81D
:2078D0001940E96888473068416A474607F11400006888473FE00320BDE8F883102007F083
:2078F000B9F8002808BF002006D00021016004270781FF2585720C300746002808BF0420F6
:207910002AD04FF6FF7038807C80404601788478A7F10C05FF2902D0806A4018847AFF2CEC
:2079300008D1384606F0F0FB3068806880470120BDE8F883484606F007FC33680146FF20EF
:20795000A8721D68002220463B46A84718B1384606F0DAFBEBE70020BDE8F8837C2100209F
:20797000EC170020A8150020AC1100202DE9F8430446994690460E1C44BF0020011C5AD432
:2079900007F022FA05468021304605F08FFF071C04D097F83F1031F07F0106D1284607F02D
:2079B000BBFC02200021BDE8F8834FF0E0400A2107F1200640EA090941EA080896E80300FD
:2079D00008EA000019EA010608BF00281CD0284607F0A2FC07F1200003C804F1680604F182
:2079F000680508EA000809EA010986E8000395E80C0007F1200696E8030007F12005994381
:207A1000904385E8030013E00C48B968884202D0B9682166B86004F1580080E80003284629
:207A300007F07AFC04F138004FF0FF3106F077FF683494E80300BDE8F883C04679BA00004D
:207A50002C482B4930B5ADF1140D086006F036FC2A48294A031D1268196841F00C01196043
:207A700051680A4601219047264925480A68046800235508D907D00722602943801A9941A1
:207A90004FF47A72002301F0E7FE002908BFB0F1004F28BF6FF000401B4A0021606002F10F
:207AB0002403032043F80C1F401E9960FAD114460D46062004F15401401E21F80C5BFBD11D
:207AD00002F04CFE616811480391046800944168019181680291684603F008FD04F0D6FE7F
:207AF00003F02CFA07F050FB284605B030BDC046E417002015510000D80100100040034018
:207B10001C17002034040100AC110020C80201002DE9FE4F894605460CAF97E803001E4603
:207B300001919046009007F039F92B4F6FF0010A8346082007F5D07494F83F3033F07F035F
:207B50003ED107F1AC0007F023F9B7F98400401C6FF31F30A7F88400C4F80C9084F83E8059
:207B7000A660B7F88400009AA0870198022320211343002242EA000616482561314004F108
:207B900018061840134686E8030004F1200686E80C006363214623634FF0FF36A66380222E
:207BB00084F83F2007F16C0085F8703006F0CAF9F86E844201D103F08BF9B4F93CA003E0BF
:207BD000401E04F14004B7D1584607F0E1FB5046BDE8FE8FFFEFFF9F081800202DE9FE4F0E
:207BF000DFF8C08098F8990100284FD0002501212C4698F8992101FA04F0104203D1641C55
:207C1000032CF6D342E098F899211020A040104218BF0D1C07F0C2F898F899211121A14080
:207C30008A4388F8992107F0B3FBE0B206F00AFE60B3877A57B390F90990194A0168012DBE
:207C5000446852F82960019110D0017A02290DD100F1100191E8000C00274FF0805317EADE
:207C70000B0703EA0A0108BF002901D102F050F9012D04D0009600224FF0006303E000228C
:207C90004FF00073009201984946A04798F8990120B108F58270002107F09AF8BDE8FE8FBB
:207CB0009430044008180020B0B5294C0D46A8083DD2E8084AD32D4854380068006B8047D8
:207CD0000146E06EA16000280EBF6068006960604068204900780860022005F041FC1120A2
:207CF00000F0F0FB01202074606841688F681C480FB9CF682FB10022A0F11401CA61164FE1
:207D10000F60164A072100271160164D026807604268154A47600368626145EA030101601E
:207D30001A2007F03DF8192007F03AF8B0BDFFF7A3F9204600F17401096811B903F0C8F8B2
:207D5000B0BD45F00201D03007F042F8B0BDC04608180020D021084051000706000004608F
:207D70001410044002000040654B0000E0010010F8B52F4F0D4639680646C88807F0C8FA34
:207D9000040001D11420F2BD3968087830B3002007F00EFA01460622304606F075FC07F0B4
:207DB0000BFA00B10120B071607981070DD50622002104F10C0006F0A5FB30B9062204F192
:207DD0000C01284606F060FC2EE00622A11D284606F05AFC607900F0010026E060798107E7
:207DF0000ED50622002104F10C0006F08BFB38B9062204F10C01304606F046FC012007E0F9
:207E10000622A11D304606F03FFC607900F00100B071002007F0CCF901460622284606F02B
:207E300033FC07F0C9F900B10120A8710020F2BD304F0020F8B52D4E0446306800280D466C
:207E500049D0C188A14246D14178062936D1017819B3816ED1F89830C26ED90705D5177B86
:207E7000F90702D5072242701EE0C3F3400100291FBFD168C1F340010029092109D1C3F333
:207E9000800100291EBFD168C1F38001002902D00B21417008E0164800E0164800680028F1
:207EB0001EBF4068002880472946204602F090FC30684178122916D1002009E011290ED156
:207ED000280018BF32252946204602F081FC284607F056F907E02946204602F079FC2146BA
:207EF000284607F049F90120F2BD00BF304F0020384F0020344F00202A4A2DE9F0418046D2
:207F10000124A2F13000046023480768002FFCD02749224DC0200B1F28601868800806D2DF
:207F300053F8040C1E4B000C40F0F0001870002010601D48D0F8D4311A080FD200681B4A27
:207F5000DF0E80F0C000107007F00C0040F0C00082F811014FF40036C2F813604FF0805739
:207F7000D7F8F0010E68016830468847D7F8F0014268314640469047D7F8F00181683046B0
:207F90008847D7F8A001C1680220884740202860084E3460BDE8F0819402224300600C40E9
:207FB00056620840401009403811005031A00C40B43F0050940460422DE9B043044606F09C
:207FD000EDFE81462748221892F8F010491ECFB2002F82F8F0703FD1254901EB84014A88FA
:207FF0000C78904634F07F0718D1E1090FD24FF0805000F5DC75D0F8B801816910468847D4
:208010002868416B404688470228F9D11EE000EB8800D0F804110020884717E04FF0805583
:20803000D5F8B801016A10468847D5F8B801816A40468847D5F8B801016B404688470A49BA
:2080500001200860094908688008FCD304F03F00132801DAFFF7B0FF484607F099F9002049
:20807000BDE8B0839810002028200860282008405CFF00002DE9F84F98460E465FEA0209D2
:2080900014BF4FF0804A4FF0005A06F087FE254C032500228346B6F1FF3F06D1E06F002829
:2080B0000CBFE16EE16F69B936E0082004F5D077B7F93C108E4204D0401E07F14007F7D1A1
:2080D0002AE0394691F83F7037F07F0723D0E06F88420CD0424602F061F8E0B1207C012811
:2080F00017D004F1D000022106F072FE11E00846534604F059FAB9F1000F14BF0A480B48EB
:2081100005F070FDB8F1000F03D0E16E424602F045F8832500E00425584607F039F9284676
:20813000BDE8F88F0818002001000204010001047CB5040004BF002006F076F922494C6022
:20815000606900B180476068017B01F00F0102290CBF806807F034F9A0602078802818BF70
:20817000402813D1194800218022017041708170C170017141718171C171017241728172DA
:20819000C17201734173C173016182731049114B0878002814BF104810480021CDE9000131
:2081B000022261680E4C0F482568006855F8086FB0470D4910F1020F088004D1BDE8764041
:2081D000002006F031B973BD282100205C4D0020784E002079D200000204848002048080EC
:2081F000F04E0020EC4E0020424F0020F8B514460E46054606F0D2FD07462846274D3146F5
:208210008326082930D8DFE801F0423C392F3523140531C0287CC8B9E86EB8B9216805F101
:20823000D00006F0D7FD216805F5827006F0D2FD2FE0287C50B9E86E40B92168192006F097
:20825000B5FD21681A2006F0B1FD22E0002620E0206828B1012807D1802004F04DFE18E094
:20827000802006F0A9F814E0032612E020780C4908700EE020680C3528600AE021884182AE
:2082900007E00122C16842746031C16001E021680160384607F07CF83046F8BD0818002014
:2082B000A01900202DE9F04114460F4607F03CF801462748006800781FFA81F808B906F0D5
:2082D000C1F80FB338684FF0FF3518B140280AD3810B08D17E681EB1310A04D0310E02D1B7
:2082F000B9680F2908D93DB10CB1284620700820FFF762FE002424E04FF08055D5F8CC1127
:20831000BA680B68796809E04FF08055D5F8CC010068012203464FF480700146984705F519
:20833000E67501200B490C4A086010684008FCD3286840680146022088470CB10021217031
:208350000446404607F024F82046BDE8F081C0460CFF0000A8025042088002402DE9F0434E
:20837000894699F8051090460A24ADF1140D21F03F01C02904D040290CBF0121022100E04E
:20839000002130F002022DD003282BD051B3022938D11E4E2546002730464946062205F00D
:2083B000A3FE30B96D1E06F10E0607F10107F3D128E03C460A2C25DAB8F1000F22D0600000
:2083D0000E216A4600EB84002030C0B205F066FFC0B90620694611F8012B401E08F8012B16
:2083F000F9D10FE0484605F053FB04460A2C09DAB8F1000F06D0062019F8011B401E08F841
:20841000011BF9D1204605B0BDE8F083C10D0020294838B5001D0468B4F1FF3F08BF002490
:2084300005F02EFA032832D12448254B184A002501211038056003F15C00164B016018681D
:208450001160806C80471448006820B1134800682046FFF751FD124812490560124C0A68FC
:208470006FF35B4244EA0200086010490868C0F30130012806D10A680D48104040F400322B
:208490000A6008600B4908680028FCD138BDFEE708220443F00100108001284300012043A5
:2084B0008C210840482003400000390104000940FFFFFCFC0C006842181300509404604224
:2084D00000600C40F8B5064606F068FC264D0746711991F8F000421C002881F8F0203ED1AC
:2084F000224C04EB8604267806F03F00132801DAFFF7E8FF648836F07F0018D1F0090FD26B
:208510004FF0805000F5DC75D0F8B8014169204688472868416B204688470128F9D11EE034
:2085300005EB8405D5F804110120884717E04FF08055D5F8B801C16920468847D5F8B8016A
:20855000416A20468847D5F8B801C16A20468847074901200860074908688008FCD33846D7
:2085700006F016FF0020F8BD981000205CFF000028200860282008402DE9FF410C46274E8B
:208590006288718A05468A420CDCA088884209DBE088B18A884205D12089F18A884208BF19
:2085B000182737D01E4910200522FBF779FB318A2289A788ADF800108046ADF80820E388F9
:2085D000ADF804706088ADF806301649ADF802006A461020FBF764FB1FFA88F8C7B2CFB9DE
:2085F00006F1EC047573204606F004FC454610B12046F8F759FB0C4800684FF47A71B1FBB5
:20861000F0F080B205FB00F1204606F0E1FD2046F8F78EF838460090BDE8FF81C007002018
:2086300021E600007D15011034040100F0B5ADF12C0D684605F0BCFF00248DF800408DF8FF
:2086500015408DF814408DF8164003258DF81C508DF81D408DF81E408DF817404FF416509E
:20867000069004F073F96946204604F08FF91A4C083C206158B30A26164F206909A901223A
:2086900006F032FB0128F8D19DF82400FF28F4D120690DF125012A4606F026FB0328ECD1F4
:2086B0009DF825309DF824009DF826209DF82710C0188018C0B28142DFD19DF825109DF8AC
:2086D000260040EA012090FBF6F03880D5E70BB0F0BDC046CE160020100200202DE9FF413A
:2086F000284C2068002849D08578274F06F040FE80B1032D05D00A2005F08AFF06460B2031
:2087100016E0282005F084FF0646292005F080FF804620E006F02CFD28B1062005F078FF3A
:208730000646072004E0082005F072FF0646092005F06EFF8046012D12BF042D387803289C
:2087500009D12068C178022908BF002102D0032914D10121C170387806F006FD2168CA7AAF
:2087700003920C1D8B7A029301940346C97800912A464146304606F0F3FC00E0012004B0DA
:20879000BDE8F0819C4E0020594F00202A482DE9F0410C461D4606AF90466168BB884E7816
:2087B00002783F88097842F6232C01EB06210026B1EB0C0129D0491E052918D9891F0CD07B
:2087D000263933D1072F2FD8C7F10701994298BF8BB2C0190830014620E0BA4224DBD21B7A
:2087F0009A42D8BF93B22B804068C11917E0E06806F064F880B2B84216DBC01B9842D8BF8A
:2088100083B22B80E168C91909E0082F0CD8C7F10801994298BF8BB2C1190F312B804046BE
:208830001A4600F01DFD04E0072602E030460A2628803046BDE8F081000B00202DE9FF4170
:20885000284B4768866814460D4601A81A68998802609B798180A5428371A8BF2C1CB168E5
:20887000786806F05CF878BB4FF00008CDF80080F068318A6D1C16A22B4605F036FEA41C51
:208890000246AC4213D9641BF06801A90B688018036089888180308A921D801A082804D29C
:2088B0003868F16806F025FA4246641EECD1F0680BA10988801801803868F168921C06F088
:2088D00018FA786806F07CFA0090BDE8FF81C0461B371B5B3130721B5B25643B25644800C9
:2088F0001B3800C0F80301002DE9F0410646B76875688846ADF1280D684605F059FE00240B
:208910008DF8014078680690012005F011F86860686840B104F01AF83878694604F036F8DC
:208930002860286808B9264617E00421224606F0D6F998F80000401E08D0401E04D0401E43
:2089500014BF201C07A002E008A000E009A0A86028680AA1122206F0CCF930460AB0BDE837
:20897000F081C0461B5B324B00C046C01B5B304B00C046C01B5B314B00C046C01B631B5B54
:20899000324A1B5B3130721B5B31313B314800002DE9F843002A8946074604D4B2F5004F11
:2089B000B8BF95B201DB47F6FF75002F08BF002034D03888002808BF002403D02A4600F03C
:2089D000FFFE84B2AC4228D0388830B1291B484613A203F0D7FE001984B2B868E8B17E6890
:2089F0008EB1304605F06AFFA5EB0408401D1FFA88F1884207D833464146484609A203F0F4
:208A1000C1FE001984B2291B122906D3BB68484606A203F0B7FE001984B22046BDE8F8830A
:208A30003A2000C0222573222C2000C06C696E652025643A200038B50446182006F08CFB8D
:208A5000002849D0A0F1090594F89400002814BF1D201920E880002105F1080329602971E8
:208A70006971032018700F2104F5A07003F8011F02885A700188090A99704188D970428838
:208A9000120A1A71818859718288120A9A71C188D9710021C0885972000A18729972FF2096
:208AB000187358739873D873187458749874D874187558759875D875D97294F8940020B15A
:208AD00018220321204602F049F8A06E294606F03FFB0020E083012032BDB0B505460F464A
:208AF00014466800ADF1200D0E2100EB850004AA2030C0B205F0D2FBE8B904A8FF21062273
:208B100005F000FDB8B97035E8B210216A46054605F0C4FB00282FD1684605F0A1FBAFB1FC
:208B30003846694605F08CFD40B924B10020694605F086FD08B900201FE0078081788C4237
:208B50001AD084700CB9002101800DE01021ADF1010212F8010F10B9491EFAD10CE0684652
:208B70000021102201F096FC684605F079FB284610216A46FEF78CF9012008B0B0BDFEE704
:208B90002DE9F0438946164680461B214FF6FF72ADF1240D08AB06F037FB0028059036D02C
:208BB00000250246BDF820100095FF270DF11203404601913146029702F078F8041C21D1E9
:208BD0007089ADF810005FEA590012D25021ADF818101148ADF81A5000688DF81E700146E9
:208BF00006A8884708B99DF81F7000950B49019701E00B4900954246102004ABFBF750F817
:208C1000C4B22CB104A81B21F7F782FD00E01524204609B0BDE8F083D8110020CDFF001067
:208C3000450001102DE9F041904606460F1C08BF05243FD036F07F0003D022480068806809
:208C500080470A2EA8BF032407DA57F80C0C18B917F8020CFF2804D00524384605F054FA5C
:208C700028E007F8026C154C154DA068B8F1010F13D080470246002047F80C0CA86800284A
:208C900008BFAF6005D0014651F80C0C18B941F80C7C104606E00146F6E78047A96847F868
:208CB0000C1CAF60E168884730464FF40041FEF7F1FD00242046BDE8F081C046AC110020F5
:208CD000A8150020EC1700202DE9F04106F066F8244D214E804605F1E000007848B934467A
:208CF000A168022088470746102004F03FFB77B31BE005F059FFC0091BD21B483C38006858
:208D1000C4681648342101220023A04788B102F073F834460020A16885F8E00002208847B0
:208D30000746102004F022FB8FB1A168032088470DE00B4800683221B1FBF0F101B90121F6
:208D50003035284606F020F8284606F01FF8404606F01EFBBDE8F081E002010000A00C402D
:208D70007821002098100020E00100102DE9F0410E46071C14BF002E002040D0224C4FF0D5
:208D9000FF3104F12800804605F0C9FD3078FE2811D022680021FF2808D082422AD31F2894
:208DB00028DA04EB8000D0F898501DBB491C16F82100FE28EFD1002038607860B8603078E0
:208DD000FE2818D00125FF280FD01F280DDA7B6804EB800105FA00F0C1F89870184309496B
:208DF00078603268384604F033F816F8040FFE28E9D100E00027404605F0E2FF3846BDE8CD
:208E1000F081C046007FC767840F00202DE9F047244EDFF89490012400254FF0020A4FF0DD
:208E30001108E8B205F00EFD071C35D0B87A012832D197F90900113004FA00F0C14331608C
:208E500071680843706097F9090004FA00F0C0B205F0B2FA07F11000002104F03DFD0146D6
:208E7000812909D1B86918B1002104F035FD0146812908BF87F80AA081290DD009F299121F
:208E900097F90910137809F5827008FA01F119431170002105F09CFF6D1C032DC1D3BDE82A
:208EB000F087C0460810044008180020F0B520480127F84201D003F0A1F9204D204F214E71
:208ED000BD4206D203CD0478A4003459401CA047F6E71D48002800D08047164D164FBD4223
:208EF00002D210CDA047FAE7F0BD03251BE0416808300A1C2A400BD11A1C2A40AB4305D069
:208F1000046804300C600431043BF9D1131C05D0047801300C700131013BF9D1021C2A400A
:208F300001D0A84304300368002BE0D17047C046FFFFFFFF0000000000000000FC0901002B
:208F5000640A0100B809010015C4011022482DE9F0410068806980472049234D0F686E68F7
:208F7000B7F57A7F17D00021801B3A4688460B4605F096FB4FF47A72002300F06DFC04467F
:208F90004FF47A72002305F08BFB3A46434600F063FC301800E0841B6860124D05F10800B0
:208FB000006880470E4E316872680919B1F57A7F0AD34FF47A73B1FBF3F7D2197260B1FBD6
:208FD000F3F707FB03F2891A3160E96888472046FEF728FABDE8F081EC170020C0150020A1
:208FF0004C170020AC1100201C2100202DE9FC4792460D46826844689168D768B2F8108018
:209010006068994605F08BFC0028504632D1FF2D10D0401CA8F102016B1C009016A238460B
:2090300005F063FA0646A06828B10168F019361D016000E000260A9BA8EB0601F0194A469D
:20905000891E05F0C9FEFF2D064406D10D22701C0A21BA55461C395404E00BA00188F51946
:20907000B61C298020683946324605F042FE606805F0A6FEBDE8FC871B371B5B3130721B72
:209090005B25643B256448001B380000F8B5041D14F003001CBF241A241D06F049F90646CA
:2090B00006F042F91F4A5769B1B280B261F30F05102C60F31F45156188BF976938680023D6
:2090D0001E46010821D226B9844209D93B4601261EE0196809188C42196019D81F46084666
:2090F000DFB1D169001B042807D23868091AD161386840F00040386005E0385144F00040F7
:209110003860091BD1613F1D07E080F0004000263F1838680028D4D10027284605F0FBFAF5
:209130003846F8BDAC1100202DE9F84F81460020C9F80000684602F0DFFB204FDFF880A02A
:2091500000264FF0FF354FF0190B34468046E0B205F078FBB8B1837AABB1017A012602293A
:2091700015D079684A8A97F89A314069C96889180BFB031104F00CFA51460968B0FBF1F0C8
:20919000854288BF051C641C032CE0D300E00025B8F1000F04D0012E05D0B8F1010F05D00B
:2091B000012E04D005E00098854200D9009DC9F8005046EA0806F0B2BDE8F88F0818002085
:2091D000782100202DE9FE4F244C80460CAF1E460192A0683D7800918047A146B8F1000FC7
:2091F000029005D1D9F80C1088470220BDE8FE8F174800274FF00F0B4FF0010A041F54F84F
:20921000080FD8B9012D0CBF124B134B1048019A008897FBFBF140180AFA07F1C0B2984744
:2092300060B90098C4F80080606006B13770D9F80C10029888470020BDE8FE8F7F1C0F2F92
:20925000DDDBD9F80C10029888470820BDE8FE8F4812002075CD000051C70000AC110020E5
:20927000002A4AD05FEA000C8B071CD1830722D1102A08D370B4103A78C978C0103AFBD236
:2092900070BC103238D0042A2CD3082A05D30C2A24BF08C908C008C908C008C908C0920794
:2092B0002AD0920F22E00B780370491C401C521E22D08B07F7D1C30714D18307D8D0121F7C
:2092D00012D308C903801B0C4380001D121FF8D20AE008C903701B0A43701B0A83701B0A00
:2092F000C370001D121FF4D2121D05D00B780370491C401C521EF9D1604670472DE9FC476C
:20931000234F054607F108000068164688468047824603F099FE1B4C8146206883691848D3
:20933000B200000BC0B205EB00314046984716490020B9F1000F086004D0206B4268134864
:2093500001219047444602E02D1D241DADB23046411ECEB278B128466946042203F05CFDA1
:2093700068462146042204F05FFD0028ECD00949012048700870F96850468847BDE8FC87DD
:2093900000E00100A80100108404604200400340AC110020E01700202DE9F043234D814602
:2093B0001E4605F108003768036814468846ADF1240D1FBB0C20FFF769FE071C16D0684620
:2093D00000212422082305F0BFFE0023069749466A46ADF810301448059305F0B1FE386025
:2093F00038B9FFF7CCFB384602F06CFB6FF0030016E0C7F80480BC60376009E09847064676
:209410003868F7F751FCBC60E8680146304688473868494605F0DCFE3868F7F789F900203B
:2094300009B0BDE8F083C046B3EC0000AC110020FEB584684668206804F0A6FD216820486C
:209450008A6B1040886340F2F27120681D4D416494F82000295C94F8210040198079084325
:2094700021684863684605F08BFC317F05EB81012068B2690B6A717F05EB81018969194394
:20949000B37F05EB83052B6B0B43019904F06BFD2168C86A40F01000C8622168086B40F0E7
:2094B00001000863A07D0027FF2802D0E07DFF2800D11FB1086B40F440400863FEBDC0467B
:2094D0000DF8FFFF38000100B0B5456884682349607DA27DADF1180D40F000400090207D7A
:2094F0000027FF2A41EA000001904FF0020002D0E27DFF2A00D13FB1E37DA07D1943039187
:2095100040F0004002900420FE214DF8201005F154006946FFF72AFC2866002808BF381C9B
:209530001AD0617D0F2204F003F8286E217D102203F0FEFFA17D3846FF2902D0E27DFF2ABF
:2095500000D140B1286E112203F0F2FF286EE17D122203F0EDFF012006B0B0BD0000C0A0E1
:20957000F1B5234F0D4639781646A9B10C2004F06DFC04003AD0912020703E21812261705E
:20959000A2700522BDF80000A080A6712946E01D05F07AF8387826E0142004F057FC04008E
:2095B00024D001202070FF2104F1080261706260042010703E2260684270092160688170E3
:2095D00081216068C170022260686946001D05F05BF860688671052260682946C01D05F0F1
:2095F00053F804480078214604F09EFDF1BD00BF89210020872100202DE9F843044604F1C7
:2096100068052868016800293FD10D2005F0A4FD00283AD0A0F109060020306030717071D4
:2096300006F108070E20F08003213970042007F8010F04F1A00808224146781C05F024F883
:2096500004F198090422494607F1090005F01CF82868314605F07CFD0821404605F06CFD23
:209670000421484605F068FD002041422144221891F89F1082F8BF10401C0828F5DBA88A7C
:20969000E88200212971012000E00020BDE8F2832DE9F84F0C468146E00BC00318BF84F4E7
:2096B00000443AD1002C08BF002037D01C4DA868804783461B4801884FF000080126474641
:2096D000AA4606FA07F2224203D17F1C0F2FF8DB1DE04D46EA01FB00001DA2EBC502CD01F8
:2096F000A5EBC1018D1AED189B1A5B18C158BE401FFA86F82D1811B11B185868884748462F
:20971000414603F0BDFF10B9002028606860DAF80C105846884788EA0404A0B2BDE8F88F77
:20973000AC110020481200202DE9F8432020EFF3118780F31188214CA068012105F0F8FC2B
:209750004FF001094FF0000865692168A4F81C906A1A2168A4F81E80461B401A904227D3FC
:2097700087F3118840462D18361A4846294605F0DBFCB042F7D92021EFF3118781F3118858
:20979000E18B012903D14046294605F0CDFCB0F1FF3F06D0A169801B814238BF081C291823
:2097B00001E0A069411905F0BBFCA4F820902560A4F81C8087F31188BDE8F88378010020D4
:2097D0007FB503461F480D4601881F480088144614A698421CDA994216DA1C480088002807
:2097F00008BF13A217D00095002C48BF47F6FF74174E00201749ADF804406A4634680290D2
:209810001846A04702980AE0184604F053FE08B9324600E042682146284602F0B3FF009000
:209830007FBDC0467B6D6F64756C652325647D007B6D6F64756C652D726F70653A25787D74
:2098500000C046C0680401006A040100FE12000048040100F9DA00008B4208BF824204D9F1
:209870000B1C021C002100207047002B08BF002A0BD10B1C021C00210020002B08BF002A01
:209890001CBFC943C04303F0F2BDF0B51C4615460B46024600200021B4FA84F6202E04BFB7
:2098B000B5FA85F62036B3FA83F7202F04BFB2FA82F72037F61BB6F1200727BF05FA07F4A4
:2098D00000257F42B4403EBF25FA07F73C43B540A34208BFAA4201D3521BA3414041494148
:2098F0006D0845EAC4756408761EF1D5F0BD70472DE9F041DFF8888004680E4617464FF0CF
:20991000FF31404605F00BF84FF0FF35092E08D0217A0120B040084212D1084335462072D6
:2099300011E0237A0521012000FA01F2134202D0491EF9D504E0227A88400D461043207279
:20995000B5F1FF3F15D0A7B1062003F009FE2946384600F017F80746062003F051FC47B11F
:20997000217A0120A8404FF0FF3580F0FF0008402072404605F024FA2846BDE8F081C04654
:20999000381300202DE9F04180461F4800680D46416927208847012404FA05F61B4DC5F81A
:2099B0000064C5F87C470327C5F8807718480460C5F88477D5F80404012818BFC5F804447F
:2099D000C5F8FC6313480460C5F800801023AB60204605F0B6F9D5F88C076FF39D00002890
:2099F000F6D0D5F88C17204611F0404F09D1C5F884770021C5F8FC16D5F80024164218BF89
:209A1000081CBDE8F081C046B00100100440024000E048420000484270B5ADF1200D02F0D9
:209A300085FC2048183038C86A4638C209C8694682E8090005A8FFF799F914210022044672
:209A500003F022FAB926002520460A21002203F01BFAC5F10700092146FA00F2204602F0B7
:209A7000010203F011FA20460A21012203F00CFA082005F066F96D1C082DE5DB20460A219D
:209A9000002203F001FA20461421012203F0FCF94FF42F7005F055F9204604F0A5FB08B029
:209AB00070BDC04604FF00002DE9F843DFF87C808946054617464FF0FF31404604F02FFFAE
:209AD0001B4C04EBC5046668256805F067F91949097801290CD12968002909D405DCB9F19B
:209AF000000F09D04FF0FF3108E0B9F1000F03D005F04EFC002413E02968491C296005F0C1
:209B100047FC286802280BDA1FB9684605F0F6F86F4638686860C0272F727068FEF7D2FCAA
:209B3000404605F04DF92046BDE8F88338130020D003010000180020F8B5214CE06F04F1F9
:209B50006C06002836D01F4D316905F108008F6901680F40FA43026001680F42FBD13069E3
:209B700000233A4602F020FDB80806D217B330694FF48041C4F8800018E030690C3581692C
:209B90002F6821F0020127EA010028603069C16955F8083C23EA010045F8080C316906F12C
:209BB000080004F0CFF900200221306104F1D00005F00EF9FFF72AF900F024F9F8BDC0465B
:209BD00008180020081004402DE9F843204D0746A868804781461F4883686FF00B0600244A
:209BF00080469BB113F8020C874208D134B16BB138464FF40041FDF74DFE0CE01C460CB933
:209C1000A3F10C0653F80C3C002BEBD138464FF4004103F0C5FBACB1A8688047D8F8081043
:209C3000A4F10807A14219BF54F80C1C316057F8041CC8F80810002147F8041CFF26BE7195
:209C5000E9688847E968484688472046BDE8F883AC110020A81500202DE9F8438146EFF3EC
:209C70001188202080F311881E4D1A4C184F012605F11C000660A4F114000660F86A016A3C
:209C900014208847D9F81000810C14BF000C04202060386802682321002090470E480F4FC7
:209CB0000660386800280CBF311C03210C4807680FB141F00401183C206820F4E02040EA57
:209CD000014020602E6088F31188BDE8F883C04684010010182009408002244310040100D7
:209CF00014040100000024432DE9F04106467468B56805F053F88046A06A58B928688169AD
:209D1000090907D2006B400A04D2404605F040FBBDE8F08104F5827005F03AF80027404632
:209D3000A76205F035FBA97D3846FF2902D0E97DFF2900D118B12046294600F06FFA05F0FC
:209D50002DF82A68916B21F0200191632A68116B21F48071116305F01BFB04F2291004F064
:209D700003FA606A216A091A21622369626A30469847BDE8F081704772B501F00305121D12
:209D900087B002268DF81C50ADF816200293019007AB184D184A29680C9C8DF802100425F0
:209DB0008DF8035004940121D56A144C8DF8006003938DF81460ADF8181028782168104E9A
:209DD00000280CBF20311C310A6830686946904770B12878216800280CBF20311C310A6805
:209DF000306869469047401E8041C00F04F01CFB08B070BD2C4F002070040100F84E0020E1
:209E1000284F0020BCB51F4C04F16C05E16F28680029074634D170B3684601F06DFD28B1F9
:209E3000009818B1082003F067F8BCBD082004F0C3FA284604F075F8E06707F1180090E847
:209E500006001148CC4300F108031C601A681142FBD10C30026811430160F969C94340F86A
:209E70000C1CF96950F8082C114340F8081CF86803F0B8FEBCBD04F1D000022104F0A8FF17
:209E9000BCBDC04608180020081004402DE9F0431E4D0446002799460E46A2EB0408ADF108
:209EB000140DC5F8B071012004F04BFF2868C00FF9D3286A0090686A0190A86A0290E86A8E
:209ED00003903CB12346684610F8011B5B1E09F8011BF9D10320C5F838023D467CB1424605
:209EF0002046EC462B469918745C1CF8011B401E03F1010381EA040141EA0505F3D1002DAC
:209F100014BF0420381C05B0BDE8F083504502402DE9D841074604F041FF80468FB3B87A58
:209F300078B397F9091004F05FF80124064604FA01F05FFA80FC4EB1154B1B1D1A68113162
:209F50008C40A2431A60E14343F8041C0023BB611A46BA723A7207F110043A60194684E85F
:209F700006000A497A6001F5CC7291F89A7113781843107017B17F1E81F89A71604602F0EF
:209F9000BBFF404605F004FABDE8D881081800200810044070B506467468B568206E04F0F8
:209FB00023F929681A488A6B10408863002020703046FFF799FE304602F092F92968C86AE9
:209FD00020F01000C862296812480A6B104008636868FDF7F1FF04F17C0004F0DDFE04F123
:209FF000980004F0EFFEA07818B904F1CC0004F0E5FE607818B904F1E80004F0DFFE04F507
:20A01000827004F0BBFE04F1680003F0CDFF70BD0DF8FFFFFEFCFFFFF8B50C4615460026CD
:20A030001C4F1D4940B1012815D0042818D006281ED0072821D02AE0162C26DA162200214B
:20A0500007F10C0004F0D0FE2246294607F10C0004F01AFB1CE0022C17D12888388117E0D4
:20A07000082C12D1384629460822FFF7F9F80FE0012C0AD1CA69283103E0012C05D1CA6B1D
:20A0900048312878F9F7F0FC02E0182600E002263046F2BDFC150020C41200207FB51D48AE
:20A0B0000078002834D105F037F805F031F8034600200146024605F00BF9174C002504F13B
:20A0D000E6063046FF21062204F01CFAD0B9680010216A4600EB8500233004F0DFF888B91B
:20A0F0001020ADF1010111F8012FFF2A02D1401EF9D107E0B07931466A46002300F00100D8
:20A1100005F0E6F86D1C0E360A2DDADB0020A07400907FBD5A4F0020D40C00202DE9F84F7D
:20A1300089469A4615468346B9F1060F2FDABBF1060F2CDA05F0FCF8064605F0F5F8164937
:20A150004A46940004EBC20464186768B3B280B263F30F0860F31F48B7B1404604F0DBFA56
:20A170000AF808BC0AF8079C0AF8065C60685146083001F0D3FC606840684FF00041F6F7CC
:20A1900097FD0020BDE8F88F404604F0C4FA6FF00200BDE8F88FC046001200202DE9F04785
:20A1B0001D4F6C373C680026914600E0246884B3A142FBD135464FF08058D4F800A014B3C8
:20A1D00004F0ECFD04F1280106C904F12803294348EA020283E8060004F1200393E80600D9
:20A1F00004F12003294348EA020283E8060005F0CFF83846214603F0BCFD07F10800214670
:20A2100003F0A0FE761CB9F1000F18BF5FEA0A04D3D13046BDE8F0870818002038B50C466F
:20A23000054604F0BBFD2268916B21F02001916305F0AEF8286E217D012202F09BF8286E5E
:20A25000217D012202F020FE286E217D002203F06FF9286EA17D002203F06AF9A8780128F7
:20A2700006D005F1CC004FF0FF3104F058FB03E0216888690009FCD2286E217D102203F0F3
:20A2900057F9A17D0020FF2902D0E27DFF2A00D118B1286E112203F04BF938BD38B50446D8
:20A2B000194841780A062DD5184D287870B1184A117859B9032003F0C9FD010022D09120BF
:20A2D000087010224A708C70287817E00C2003F0BDFDB8B101210170FF2200F108034270D3
:20A2F000436004211970102341684B70012241688A70014642680748D4700078BDE834408B
:20A3100003F012BF31BD00BF1C4E002089210020624F00208721002070B51C4E1C4D31782E
:20A3300004462878891C8842A4BF002004F07CF80022A968182353431944487828B90B7844
:20A35000FF2B0DD0686881420AD13178521CD2B2891C8A42EDDB002004F066F8002070BDE5
:20A370000020486048610C700120487028786A78401C28702243C0B201281CBF802C402C9E
:20A390006A7000D16960084670BD00BF7B4F00202821002070B505460026A88804F0B8FF3B
:20A3B0000446A88804F0B0FE042801BF1448A9880288914204BF4FF6FF7303801CB1267833
:20A3D000A88804F09DFE0F4C207840B1864206D10D49097804F090FE48B1002020703000F9
:20A3F00005D0AB79AA88A878314604F081FE0749086818B1BDE8704004F076BE70BD00BF26
:20A410009C4500205B4F00205C4F0020A44E00202DE9F04116461C4AD21E137894780746A7
:20A43000A6F10C05FF2B02D0926AD218947ADFF85480FF2C04D140460068806880471DE02F
:20A45000084603F081FE01464346FF20A8721D6837B92046EC6B00223346A04740B10AE094
:20A47000012F08D120462C6800223346A04710B90020BDE8F081304603F046FE0120BDE8D5
:20A49000F081C046EC170020AB150020002213460A46194671B510F0030F0BD0002A82BF8A
:20A4B00000F8011BB2F1010210F0030FF6D1002A08BF71BD11F0FF0141EA0121042A18D373
:20A4D00041EA0141082A0FD30E46102A08D30C460D46B2F10F0312F00F0272C0103BFCD8C4
:20A4F00012F0080F18BF42C012F0040F18BF40F8041B12F0020F18BF20F8021B12F0010FE6
:20A5100018BF017071BD70472DE9F047071C0E462FD076B31848017800254FF6FF7A81468F
:20A5300025E0AC00385B82453C441CD0A078D0B112481221C268964204D0491E00F1100030
:20A55000F8D110E0A1788046480805D3208801214246FEF715FBA178880804D32088022189
:20A570004246FEF70DFB99F800106D1CEDB2A942D7DCBDE8F087C046694F0020640E002053
:20A59000F8B5044604F1380004F190060278194D42702189608904F03FFF07463078012887
:20A5B0001AD120897188401C884215DB04F16101204604F095FD3946204604F08DFD2968B1
:20A5D000A2798854A07929680A5C04F16101FEF7C7FF0020307006E03946204604F07CFD5A
:20A5F0002968A27988542868A179425C206841688A73F1BD6C2100202DE9FE438146884606
:20A6100016461F4602A9404604F076FE04002BD0BDF8080004F05CFD844618B30A980B9DE8
:20A6300000903B460195324621464846E0470746D8B9FE2D19D02078022816D160680178F3
:20A65000407801EB002142F6021289B291420CD13078717800EB012082B24146484602F016
:20A6700027FB02E00E2700E001273846BDE8FE83F8B50B4601464C69601E024218BF221C14
:20A69000651E184610EA05071CBF2044C01B834213D8CF6801F10C0C7FB1531E796803EA49
:20A6B000070613EA070518BF561B84198C4206D9BC46DCF80070002FF0D10020F8BD091AB4
:20A6D000BA198D1B3EB98E4204BF3868674608D03968674602E07E6025B139681018016032
:20A6F000456038601046F8BD2DE9F84314460D46064604F021FE01F0A3F8071C08BF6FF0D0
:20A71000040029D004F014FE814604F00DFEBB681FFA89F180B261F30F08002B60F31F4828
:20A7300008BF002709D053F80C0C0021B860FF2243F80C1C1F4603F8022C404603F0EBFF31
:20A750004FB117F8080C307017F8070C287000202760BDE8F8830220BDE8F883F8B5194C51
:20A77000207801282CD0184B012123F00303174A2362266A2170002004F124056662194602
:20A79000D21A2F68A2629B1801E041F8040B8B42FBD89110E82306EB810141F8040C22F02C
:20A7B00003023B6006F1E8016161EC3AC6F8E820FEF76CFCA06128686061A06A001FE06142
:20A7D000F8BDC046AC1100209221002000400020002900D0704738B504F09AFD04002DD075
:20A7F0002079174D40F010002071296831B38A6D5AB1087810B1C878020706D5E06A08B19C
:20A8100004F038F92868806D0AE0C86D70B1097801290BD1E06A08B104F02CF92868C06DE6
:20A830001C2103F01DFEE062286838B12968C878410703D5207940F00200207131BD00BF08
:20A85000304F0020F0B506461A48EC38007815460024ADF1240D022808BF0124082B01D1F1
:20A87000280905D30846410001EB8001213104E00846410001EB80012231CFB201A81C22D6
:20A890000021FFF707FE1C2101AA384603F006FD70B99DF81E0007280ADB102808DC009490
:20A8B000304605F00101C5F3C00201AB04F00CFC09B0F0BDC10D0020FEB50C46154640F60F
:20A8D0007B41A21F8A423CBFAE1F8E4229D2A54227D3B3F5FA7F24DA0899A1F10A0640F613
:20A8F0007747BE423FBF5B1C6E005E43B6EBC10F17D290F8941041B1D0F834010A21B0FBBB
:20A91000F1F1C9006B4399420BD30C990B98019100900A9B099A2946204604F0D1FB0128A5
:20A9300001D10120FEBD0020FEBD704770B504F01FFD68BB184CE07B01280ED000252B3425
:20A950002E4614F8010F012803D13046FBF79AFD2570761C0A2EF4DB09E003F029FF002504
:20A9700004F12C000A22E5732946FFF793FD094C207858B96088C0F5805080B2B0F54D7F1F
:20A9900004DA04F07FF86570FBF7D8FF01F0FAF970BDC046E0170020D40C0020F8B51A4D7E
:20A9B00006461C3DA86A3060E869706003F0B0FCAB69844600200746C5F810C002463C46DE
:20A9D00012E0290809D21FB92A46184601270AE0016852194919016005E085F00045002754
:20A9F000A24288BF141C5B191D68002DE9D1944238BF141C604603F08EFE2046082894BF01
:20AA100000200838B060F8BDC8110020B0B51A4C0546241D20680004070C27D01448006857
:20AA300000688047134991F90720824205DD10F1800FB8BF6FF07F00C871BD422CBF0127F4
:20AA50007F1B8D88BD4210D80A68D4F8D40F801A801C1F2888BF1F207F1B4008C7404FF6FE
:20AA7000FF70EF19B84238BF071C8F80B0BDC046EC0100105821002030100940BFB50C46D4
:20AA9000E00BC00308BF00202CD017480078FFF79BF8071C23D03B68186900905869019099
:20AAB00098690290D86903907D6859689A681868DB68A8473968086017F8080C02F0E0FACD
:20AAD0000546012003F0C2F9021C08D0422035F07F07107003D000202946FFF799FC84F464
:20AAF0000044A0B20090BFBD8E2100207CB5044604F1860104F0E0FA04F182050021688982
:20AB100060842177E18304F12E066189E0894118A1812A89B188A8898A4204BF338998420C
:20AB300002BF6989F388994207D0000900906B89A1795208002004F0BBFAB088A4F85C012A
:20AB5000297931702889B0806989F180A8893081204604F0A9FA0220287073BD2DE9F04748
:20AB7000194F044638680D460168164698468847814604F1C70004F093FA20680078802802
:20AB900004F1BA0A02D15246012103E0402806D152460021D4F8EC0004F07EFA02E000205E
:20ABB00003F042FC434632462946504604F070FA396851F8042F48469047D4F8EC00401C5A
:20ABD000C4F8EC00BDE8F087602100203EB50D46290411D5164A1078FEF7F6FF040009D0F8
:20ABF0002078032812BF0128E06801F053FB204603F08AFA85F4004568070AD50D4A082198
:20AC1000D2E90034CDE90034684604F0D3F885F0040528070AD5084A0821D2E90034CDE932
:20AC30000034684604F0C6F885F0080528463EBD87210020C4040100CC040100174810B5FF
:20AC50000068016804208847022821D003281FD001281AD012480068C0F38150032805D092
:20AC700002280CBF41F28832322201E04FF47A720C490D4C09684C342046B2FBF1F104F0F6
:20AC900083F8204604F082F810BD02F02FF810BD02F02CF8022002F0B3FA10BDE00100100D
:20ACB000B43F005078210020A0100020B0B504AF3F881446002F18BF0B202ED108780228A5
:20ACD00027D14868457800784FF6F17200EB0520801A4FF0000216D0401E0ED0801E0CD058
:20ACF000401E1CBF101C0A2215D105201880C86801682160007920710EE001201880C86815
:20AD10000078207008E002201880C8680088208002E00020012218801046B0BD2DE9F84350
:20AD30000024002B16460F468046254606D5002FC3F1000302D57F42761E2D259946384636
:20AD5000494601F083FE0CA0405CB7FBF9F7002F04F1010408F8010DF1D1A64205DD3021E4
:20AD7000301B401E08F8011DFBD10DB108F8015D4046BDE8F883C0463031323334353637CC
:20AD90003839616263646566000070472DE9F0410D461E4690460746062D26DA062F24DA9F
:20ADB00003F0B6FA1349AC0004EBC5040246383164186068B0B1104603F0ADFC06F8087C56
:20ADD00006F8075C06F8068C60683146083000F0A5FE606840684FF00051F5F769FF0020F4
:20ADF000BDE8F081104603F096FC6FF00200BDE8F081C046C811002038B54FF08055D5F80E
:20AE1000E001016801208847012822D0D5F8A401C4681148342101220023A047002808BF65
:20AE3000002017D0D5F8800002F018FFD5F88C01C06A80470A4A094C93681168D060C01A33
:20AE5000A1EB910104FB00F3180C884228BF011C1160012038BDC04600A00C4040420F00D6
:20AE7000F820002098B5164C94F8E100002710B91448007860B103F091FF94F8E31000296E
:20AE900006BF012184F8E310012704F081FA0FB1002098BD022002F063FB0E20FDF712FBDF
:20AEB000094A106848B909494020C86008600127D761002084F8E20098BD012098BDC046C5
:20AED00098100020F502010004800C402C500C4038B5194C207C022829D0207C012829D03B
:20AEF00003F05CFF05466846FEF71EF9B8B1009858B1012898BF012088340146204603F0E8
:20AF100043FF204603F042FF0DE004F1880003F03FFF04F1D000042103F05AFF03E004F19C
:20AF3000880003F035FF284604F032FA38BD192003F038FF38BDC0460818002030B500212B
:20AF50003C220823ADF13C0D684604F09DF8134D4FF421710120089100236A4605F19404EA
:20AF700005F54D7107910E490690204604F088F800213C220823684604F086F8A0340221E9
:20AF90004FF40070002306916A4607940549089005F1E40004F074F80FB030BD08020020F3
:20AFB0003D0000003D86000070B50446092004F0D3F858B3A0F1090594F89400002814BF65
:20AFD0000E200A20E880002105F1080629602971697103203070092106F8011F072294F8BF
:20AFF000FD000B497070B01C03F04EFB94F8940028B13346092203212046FFF7AFFDA06E31
:20B01000294604F0A5F80020E083012070BD00BFEE4D002070B54C68456860B304F0D0F9DF
:20B03000064606F6C416A068314604F0C5F9012808D0A068314604F0BFF9012818BF002061
:20B0500003F0F2F9A068314604F0BEF848F6B901884210D3A16809484118A86804F0ACF9D8
:20B0700048B906F58846A86806F15C0104F0A4F910B1012070BD022070BD00BF4877FFFF27
:20B09000012898B527D116480068016801208847012820D002F092FE134C012104F1D8002A
:20B0B000017003F081FD800917D20E4800683222B2FBF0F707B90F46083C04F1300003F015
:20B0D00067FE04F13000394603F05EFE04F1300003F05CFE01E001F045FA002098BDC0460A
:20B0F000E001001078210020A01000202DE9F041066890460F4603F01BFC4FF0FF35012444
:20B1100010B903F03FFC30B184F00104E0B2002808BF002100D071680D4C204603F0FFFBD7
:20B1300090B9B7F1FF3F0CD0062002F019FA39464046FEF727FC0746062002F061F807B92E
:20B150000025204603F03CFE2846BDE8F081C04638130020164880B507683FB315498B68ED
:20B1700003EA5300C00E21D2134A106880081DD2486880081AD21068096810F0050F4FEA18
:20B19000114101F0F00101F5E0710AD1B9420DD2190F38BF40F00100D90E38BF40F004000D
:20B1B00003E0B94202D920F00500106080BDC04628500940AC3F0050000009402DE99041D2
:20B1D00090460F4603F0EAFD144B83240246391C404604D0491E18D0491E0DD00AE0194681
:20B1F00001F17C031F68002F08BF802410D0C96F898F0CE003240BE0194610310B7800213B
:20B21000022B08BF0121017002E0054909780180104604F0BDF82046BDE89081081800200A
:20B23000A0190020F8B5184C1649154DE06F0A681540EA430A604E684F6806F020062E40AF
:20B2500007F460270CD058B100223300C4F8800001F0AAF904F1D0004FF4804103F0B8FDE1
:20B2700017EA05000AD094F8991141EA504104F5827084F89911002103F0AAFDF8BDC04665
:20B2900020000E000810044008180020F8B5844640F6FF741CF8013B002210E0481B401E91
:20B2B00010F8015B7F1E01F8015BF9D103E01CF8010B01F8010B521C5B08082AEADA58082F
:20B2D000F5D21CF8010B1CF8015B05F00F07FF1CC5F30315122F45EA001508D11CF8016B33
:20B2F000300A24BF1CF8010B60F3DF16BF19AC42D4D1F8BD2DE9F843174C0646A0688846C3
:20B31000804781460F2E1EDA124901EBC6004068C8B10F200127B6FBF0F5B7400E4630883C
:20B3300039464019C0B202F0ABF960B13088394642464019C0B201F003FAE16848468847EE
:20B350000020BDE8F883E168484688470220BDE8F883C04648120020AC11002070B503F040
:20B370001DFD12490978022919D004F011F810480068006B80470F4A002303F091F90E4A73
:20B3900012684FF090557A2600232D184FEA020446EB0106ED1846EB0406301C70BD074977
:20B3B00090390C6803F0F4FF204670BD181800208C01001000093D00F42000209430044058
:20B3D000134938B508680546EB430B600A681542FBD1134C0F4A61698A420ED10E4904F1B2
:20B3F0003400002203F0E0FC0220207401F068FD18B9FDF70BFDFEF705FD0848284205D0B9
:20B4100004F1D0004FF0005103F0E2FC38BDC04610100440612B0000499B000002000040E5
:20B4300008180020174B30B3401E20D0401E17D0401E0DD0401E24D1052922D1184613685C
:20B4500000F114010B6012790A710069FFF75CB8012916D119461278C868891C0A70F5E7CD
:20B4700001290ED11946491C107808707047012907D11946F8E7022903D110881946C91C1D
:20B4900008807047480E00202DE9FC41064688461446002000270DE0019068880090AB88A8
:20B4B000AA687088FFF7A8F8162817D10021A9607F1CFFB20C490A78974213DAD8F80410BF
:20B4D0000C237B430B441D46298859B1781C90421BBF9889002818201620DDE70028E7D068
:20B4F00029882180BDE8F681614F0020B0B50446ADF1400D03F0C0FD054600213C220823BF
:20B51000684603F0C1FD60680690A068089020680490E06805900C480022694603F0A8FD08
:20B53000071C0DD002F0F4FE0446384600F01AFE30B1204603F0EFF8284603F095FD01E052
:20B5500003F04CFC10B0B0BDA5E900002DE9F0411D4616468846044603F0EEFE00F002FEF8
:20B57000071C08BF6FF002041BD002F0D1FE0E4A002132F80C3F53B914805760C2F8088039
:20B59000317079680024296003F0C5F809E0A34208BF6FF00204F7D0491C0629E9D303F0B8
:20B5B0001DFC2046BDE8F081F41100203EB5401E4FF000040AD0401E04D0401E1DD1FAF7E4
:20B5D00007F91AE0FFF74EFC044616E0684603F063FB20460C4D019401226B468DF8000035
:20B5F0000749029005F1780000F0A4FC054A2C21234605F19C0001F069FA20463EBDC04609
:20B61000ADB800007522000098100020084610B500F0005100F0040008431AD00D4800681C
:20B6300000680146012088470C4A012809D00A490968104632227430B2FBF1F103F08CF8EB
:20B6500010BD074B00240849DC6110460160054A1A6010BDE0010010782100201C180020BE
:20B6700000100440E4200020612B0000F8B50646B08815460F46FEF7A3F80446002D02D4F8
:20B69000281B0A2806DB3368291B38460CA201F079F82418B08901280FD1002D06D4B0683A
:20B6B00003F00CF9291B401D884206DCB368291B384604A201F066F824182046F8BDC04606
:20B6D000257000C02827257327290000F8B5054603F07CFB0746AE686868790804460BD390
:20B6F00000F5947002F040FD606B216BE368091A2163626B28469847B80815D304F22910D8
:20B7100002F032FD3168886B20F0200088633168086B20F480700863606A216A091A2162DB
:20B730002369626A28469847F8BD70477FB503F035FB144C0646241F207801281AD0684649
:20B7500003F018F900254FF0FF3027216B4601900B4A8DF8085004F13C0001F0B7F9201D77
:20B77000012102F0CFF804F12000294602F0CAF801202070304603F00BFE00907FBDC046B1
:20B79000D3BA0000381300202DE9F04106465FEA010808BFDFF8408010480078C8B1104CB9
:20B7B00007460025B54204D02068C0698047064209D020684068414602462046904700283F
:20B7D00018BF201C06D17F1E04F10C0405F10105E8D10020BDE8F0812B020100510301005F
:20B7F0007C03010070B5154D01284FF0010410D002F08EFD297851B1491EC9B2297031B960
:20B8100002F089FF062001F09BFF002413E006460EE002F07DFD064629460878FF2807D0F7
:20B83000401CC0B20128087002D1062001F09FFF304602F070FF204670BDC0465C170020FE
:20B85000FEB5064603F074FD074603F06DFD124CB9B280B261F30F05303C032160F31F4521
:20B8700054F80C0F58B1B04207D10095BDF8020003F08EFDBDF8000009E0491EF0D1019558
:20B89000BDF8060003F084FDBDF80400002403F043FD2046FEBDC046001200201348144A47
:20B8B00014490078801E0A2807D8DFE800F019140F06140F06140F0607C0FEE710688008FD
:20B8D000FCD250688008FCD2F9F782BF08688008FCD3F9F77DBF08688008FCD2F9F778BF6B
:20B8F00010688008FCD3F9F773BFC0467C11002034600C4038600C40F8B50546144800F18B
:20B910005C010F68E7B1F968097B012401F00F01022918BF002015D110383969FA6890F8C4
:20B930009A614B8A9068C9681922C91802FB061101F02EFE054909682860B0FBF1F001E0FD
:20B950000020044628602046F8BDC04678210020181800202DE9F041044690460D460820D9
:20B97000FDF794FB114B9E680746294622464046C7B13A80B970DC6878600C20FDF786FB10
:20B990000146384661B18860204603F069FB26B130464FF08041F5F78BF90120BDE8F08127
:20B9B00000F090F80020BDE8F081C0460802002070B5124C124920700878C00003F04AF8B6
:20B9D00010490860C8B100220D49002507E04FF6FF7320F8323000EBC206521C75600B78EF
:20B9F0009A42F4DB052003F037FB207803F030FBBDE87040044803F027BB70BD604F00201A
:20BA1000694F0020D84E0020F1D900001549096821280ADC212819D00C380FD00D380FD0B7
:20BA3000001F0FD0C01E0FD01AE0253810D0001F10D0401E10D0401E10D011E00868704771
:20BA50004868704788687047C8687047086970474869704788697047C8697047086A704798
:20BA700000207047F00100202DE9F0410446256E1F461646884605B1A84704F1580003C85E
:20BA900006400F4008BF002E19D04046802101F00DFF04F1680181E8C00050B100F1200165
:20BAB00006C900F12003BA43B14383E80600216E81600020206604F1380003F081F9BDE8DC
:20BAD000F081FEE77CB5044603F032FC064603F02BFC1149B2B280B262F30F0560F31F45EE
:20BAF000084629460161456954F8043C23F0004344F8043CC269241FD218AC42C26138BFAB
:20BB100044610091BDF8020003F042FCBDF8000003F002FC7CBDC046AC1100202DE9FC41E2
:20BB30000D46044603F004FC064603F0FDFB002302462146284640F80C3C0F6892B2B3B24E
:20BB500063F30F0862F31F4817B9086006E00F4657F80C1C0029FAD147F80C0CCDF8008032
:20BB7000BDF8020003F014FCBDF8000003F0D4FBBDE8FC81C8B5074603F0DEFBFFF760FE78
:20BB9000064603F07DF830F0010014BF002E6FF004001AD067B1B7F1FF3F06D03846694671
:20BBB00001F096FC30B107460EE04FF0FF3000E0002000907068009B00274FF0004239463E
:20BBD000F4F7A2FD00B901273846C8BD38B50C4620B141680122A240114201D1022038BDED
:20BBF000914341600E480025031900EB8401C1F8985003F144010978FF291ABF806850F82D
:20BC1000211044F020410548FAF7AEFF20464FF0FF3102F0E5F8284638BDC046007FC767A9
:20BC3000840F0020024670B5084611464D6820381FD0401E1AD0401E18BF6FF001001CD169
:20BC50008C6803F0ABF80646206802F072FFB0F1FF3FF9D100246C64286C401EA864EC6428
:20BC70003046AC6303F094FB204670BD0021084601E00121002085F82D1070BD78B504462A
:20BC9000200085B00D46164601D0022D01DB02201AE030464FF6FD72904205D0694603F025
:20BCB000CFF908B134200FE0012D06D14FF6FF71002002F09DFF002403E03146034802F08D
:20BCD00097FF03480460002006B070BD7DE8000070210020F8B5134C04F1080000688047BE
:20BCF000054601F0B1F906460B48000BC0B2000302F02AFB074636B10B483030006842681F
:20BD10000648012190471FB10549012048700870E16828468847F8BD00E0010000400340BE
:20BD3000E0170020AC110020A801001038B505461348801C0088001F84B2042C1EDB2046AB
:20BD50006946042201F068F8BDF80000854204D19DF80200241AA0B238BDBDF80210C80BA6
:20BD7000C00307D1081D844203DA002002F05CFB04E0641A241FA4B2042CE0DA002038BDED
:20BD9000E01700202DE9F041134F4FF000080A25202607F1E60430460E21224602F07EFABE
:20BDB00058B12046FF210622FEF774FBE01DFF210622FEF76FFB84F80D806D1E04F10E0419
:20BDD00006F10606E7D1B87B08B101F0B5FA02F056FABDE8F081C046D40C0020F8B5134EA0
:20BDF0000546B068804707460F2D19DA104901EBC504241D206898B1084600880F21012343
:20BE1000B5FBF1F14018C0B203FA05F101F070F9002538462560F168656088472846F8BD31
:20BE3000F168384688470220F8BDC046AC110020481200202DE9FE43134C064620689846B0
:20BE500017460D4603F0F8F8814629463A463046FEF70EFC07462068494603F0E9F85FB9C4
:20BE70000848006800900196054C029521880022DD23404603F0D8F83846BDE8FE83C0462D
:20BE90008A120000281200002C12000070B506460C46154603F03CFA28B94FF6FE708642DB
:20BEB0001AD0142070BDC16AA1B10279D00601D40F2070BD0948007808B1012510249307B2
:20BED00000D43DB9897EA14201D20C2070BD18B1900601D4052070BD002070BD6A4F0020C6
:20BEF00070B505460C4603F09BF8010006D14FF6FF7003F095F8010017D00D80002200E067
:20BF1000521C0B4B1D78D0B2A8420ED24B68D6B20C256E43334418880028F1D10C222146B9
:20BF3000184602F0B1FB002070BD092070BD00BF614F0020F0B515460E4604461F1CADF14C
:20BF5000240D08BF00230DD0684600212422082303F0FAF83B78ADF81030B86806907A6884
:20BF700005926B46204631462A4603F055F80348034F0168204609B03960F0BD3404010038
:20BF9000782100204FF0FF328262202101700B4A82604FF42B714180094AC26003210171F0
:20BFB000084A026100210162416280F82C10064A4261064A8261064AC261704708980110E0
:20BFD0002C980110509801107498011098980110BC980110F8B5DFF830C084680B4FC368DB
:20BFF0000B4ECCF8004002693B600A4D326041692960094C8369094A2360C1691160007987
:20C01000074B1870F8BDC0468C4F0020904F0020944F0020984F0020804F0020844F002095
:20C030009C4F0020F8B50C46054603F085F900F099F8071C18D002F06BF984460C48002109
:20C05000243030F80C6F66B929704FF6F872028047600021816078682060604602F05BFBF9
:20C07000F8BD491C0629ECD302F0B8FEF8BDC046D0110020114990B504461122ADF1140D69
:20C090006846FDF7EDF80E48A41D30220627027078214170821C14F8013D21781B1101F019
:20C0B0000F011DF803301DF8011002F8013B7F1E02F8011BEFD105B090BDC0463803010005
:20C0D0000C21002038B50C46052C18BF132C05460AD0142C18BF152C06D01A2C1CBF292CB4
:20C0F0003B2C01D0122032BD02F092FF010010D1E8B202F0B1FB90F87710022901D13A20D4
:20C1100032BD0021C18380F81041022102F07CFF002032BD70B540680C46054600F5827002
:20C1300002F036FE0D486A7F0168287F8018AA69C01D80B244430A4805F582766043B0FBA8
:20C15000F2F008186330B0FBF1F1491C304602F01BFE304602F01AFE70BDC046782100205B
:20C1700040420F002DE9F843804602F0D1F80F4C03250026814654F80C7F57B9C4F80080B9
:20C190003046A660014602F03BFF606018B902F025FE474501D1264601E06D1EEBD148467A
:20C1B00002F0B9FA3046BDE8F883C046D0110020042838B51CD10F4C04F18805284602F0EA
:20C1D000C9FBA8B1284602F0DDFD0B4909684843B0F5967F0CD2284602F0DAFD052001F0C3
:20C1F000BFF9012104F1D0006177042102F0F0FD002038BD0818002078210020F8B50646AD
:20C210000F4D104F7388002417E0A20002EBC402921951689068D26852B9AF420BD00A78F9
:20C2300055F822200346491C08461946904701E0FDF716F87388641CA4B2A342E5DCF8BD1E
:20C25000B8090100C4090100114AB0B50A242146363202F10A0313F8015DA84202D0491EF5
:20C27000F9D101E0491ECCB2092C09DA1019C4F109074178037801707F1E00F8013FF8D1D5
:20C29000092C03DA05200A21FAF702FEB0BDC046D40C0020F8B5104C0546A06880470F494D
:20C2B00006460868A0B1002700F10802AA4204D8828812180832AA4204D20746006800286A
:20C2D000F2D105E007B90F460168396002F0D2FBE16830468847F8BDAC110020F017002089
:20C2F000F8B505466C68AE6802F058FD31680746886B20F4FA60886304F5947001F034FFB2
:20C31000A06B18B9384603F043F8F8BD0020A063616B206B401A2063384603F039F8E3688C
:20C33000216B626B28469847F8BD7047104910B506C9ADF1180D03A880E80600684603A9B8
:20C35000FCF714FD14210022044600F09DFD012002F0F7FC14210122204600F095FD4FF415
:20C370000C7002F0EEFC204601F03EFF06B010BD04FF000038B50D460E49144664390A683B
:20C39000AA4205D301EB8501D1F89810884201D0022038BD02F002FD074B103B1A68AC4038
:20C3B0000121A9408A4314431C6002F0F1FF002038BDC046E80F0020E0200240F0B50D4674
:20C3D00017461E460446002124220823ADF1240D684602F0B9FE0A4800234FF47A7105934F
:20C3F000BAB2ADF8103000680696B1FBF0F06B4680B229464243204602F00EFE09B0F0BDAB
:20C4100034040100F8B51446064601F05DFE0D46002818BF446016D1102002F01BFB0A49CC
:20C430000F68002808BF00200DD086720581446000220260C2602FB1394600E011460A68B9
:20C45000002AFBD10860F8BD1C21002098B50C4602F098FB002700B101270C480068C06A52
:20C470008047211AB1F1004F08D8011B891DC90F05D1801DA04288BF041C00E0841D0448B6
:20C4900004600FB902F084FB98BDC0468C0100101820094098B501464868896809688969DE
:20C4B000C1F3C0070C490A6827B99830022102F08FFC98BD4FF4FA71B1FBF2F3012B8CBFD7
:20C4D000B1FBF2F1012100F58274204602F05CFC204602F05BFC98BD7821002010B5044634
:20C4F000ADF1180D694602F0ABFD9DF80E00042812D102F097FA78B9084AD079002100B14D
:20C510000121907808B141F00401107B08B141F00801204602F070FD06B010BDD40C00202C
:20C5300070B5054602F004FF064602F0FDFE0C49B2B280B262F30F040022243160F31F44CD
:20C5500031F80C0F30B1A84208BFD5B203D0521C062AF5D3FF25204602F0DDF8284670BD49
:20C57000D011002038B50E4DD5F860014268002103209047D5F8600101680120884710B127
:20C59000286801F06BFBD5F80C01C06A8047054CD5F86C31083C606018688047206138BD5D
:20C5B00080000010002100202DE9B04399469046074602F0F3FB494642469FB107F1280325
:20C5D00018CB07F1280513430C4385E8180007F1200595E818001A4307F1200541EA0403BB
:20C5F00085E80C0002F0D4FEBDE8B08338B50D46044602F0D3FB6368A1688B4204D102F064
:20C61000C7FE4FF0FF3038BDE168491CB1FBF3F25A432368891ACD54E1606269A168491C3D
:20C630008A42A16038BF616102F0B2FEA06838BD0C4885460C4885446F4607208743BD46E0
:20C650000A486F4607600A48002803D07946491D8E460047FCF72AFC01F0B6FF02F0C8FC5A
:20C67000FEE7C0460040002000040000E817002009EE000038B50E480178C91F012911D88E
:20C690000C4B9878FF2811D002F0E6F80025006F01F0CAFC0446E8B2A04207DAF9F7EEFA81
:20C6B0006D1CF8E7BDE83140F9F7E8BA31BD00BF6F4F0020684E002038B5040004BF002025
:20C6D00001F0B2FE0B4D287808B901F0ADFE20680021216041702A78697800788143501E4C
:20C6F00028706970C0B218B9034A68600021117031BD00BF282100206F4F0020F8B50546D3
:20C7100000260E4C2178F0B2884213D26A68F3B20C214B43D718388860B1B86808B1FFF7DE
:20C73000B9FD0C220021384602F05EFB00203880761CE7E74FF6FF712980F1BD614F002007
:20C750002DE9F04106460D48006817460D4608B9FCF7FCFB0A4CA0688047804629463A4644
:20C770003046FFF74FFEE168074640468847002F14BF00200820BDE8F081C0461C21002042
:20C79000AC1100200CB4F0B505AF061C0C4627F00303ADF1040D03F1040304D030680028C4
:20C7B00018BF051C00D100253A68284602F0B2F9844298BF601E15B131680918316001B071
:20C7D000BDE8F04002B0704770B50E464FF6FF71154681420FD002F09BFDA8B14279811DA4
:20C7F00010460022FBF7BAFD0A280DDA31462A46FCF773F970BD002431462A462046FCF718
:20C810006CF9641C0A2CF7DB70BD024638B508461D46401E04D0C01E18BFB0F1080012D195
:20C83000104602F0E1FB041C0ED10498059902F0D7FB284600F0DCFE02F0CEFB02F0C8FB1F
:20C8500002F0C2FB00E00224204638BD70B5ADF1280D02F069FD0C4C0646207878B90125D5
:20C870006846002124220823257002F0A9FB694600228DF81850284602F09EFB6060304650
:20C8900002F086FD0AB070BDD415002000B500213C220823ADF13C0D684602F0F5FB4FF40A
:20C8B000F0720321074808920023069100F5B0720549079200F588706A4602F0E1FB0FB017
:20C8D00000BDC046C0070020490700002DE9F04102F07CFA0C4D002401278046643D05F19D
:20C8F000980607FA04F018EA000F06D056F8240018B102680AB1214690472868641CE4B26A
:20C910008442EED9BDE8F081E80F002070B502F045FA06460B48E030007850B10A483C3809
:20C930000068C56806480024342101222346A84700B10124304602F02BFD204670BDC04611
:20C9500000A00C4098100020E0010010B0B502F025FA05460A48017801290DD00121094F15
:20C970000170387840B1084C074620688168204688470C347F1EF8D1284602F009FDB0BDD5
:20C990000118002058030100880301000B4A08B5127800237AB10A4A127882420BDD01B938
:20C9B0000849094B0246900000EBC200C0180268D26890470346184608BDC046011800203F
:20C9D000580301002C0201008803010038B504460D4D02F065FC28802946608802F0E8FA79
:20C9F00038B120892988884228BF08462880162032BD21892888814228BF0146608800F0F5
:20CA1000C3FF002032BD00BFFC4C002038B50D46290417D50C4A1078FDF7D6F804000ED033
:20CA30002078B02808D1204602F0BEFA20B1217904F10800F3F76CFE204601F065FB85F4A1
:20CA5000004032BD002032BD604F00201CB50A1C17D000230124E407A04238BF041C9442D9
:20CA700001D95200FBE790425B41904228BF801A914201D25208F6E7191C021C081C111C56
:20CA90001CBD00B1C84300F0F2FC1CBDF8B502F087FA002808BF002013D00A480768002F38
:20CAB0000DDD0948046800250020294601F01AFF0646B068A0476D1C7F1E7060F4D14FF0BC
:20CAD000FF30F8BD180401002C040100F0B514460D4606461F1CADF1340D08BF00230DD095
:20CAF000684600213022082302F056FA7B680893386805903A7AADF818206B4630462946BE
:20CB1000224600F04DF90DB0F0BDB0B50D46044602F044F9A76897B121692268515C29701B
:20CB300063682169A768491CB1FBF3F25A43891A2161791EA16002F02BFCA068B0BD02F0B1
:20CB500027FC4FF0FF30B0BD01460D4838B5D0F8EC3202681B3901FB01F41206180600165D
:20CB7000121604FB00F543F307204843C010614300EBA5204A4300EBA24000EB234038BDE0
:20CB9000A4100050B0B50C460546171CADF1280D08BF00220ED0684600212822082302F07C
:20CBB000F7F9FA680792386804907B680593B96806916A462846214601F06EFC0AB0B0BD0C
:20CBD00038B540F2024290421FBF40F201418842002001F029FC00220548064C815E064BCD
:20CBF0002568186855F8143F01B0BDE830401847424F0020F04E0020EC4E002070B50020A5
:20CC1000FF210B4A0B4B09E0182496684443264400257570401C95682955C0B21C78A41C7E
:20CC3000A042F1DB002091701080506070BD00BF282100207B4F002080B50849084A087046
:20CC50000020084910700870074A08491070087002F09AF906490020087001BD87210020CF
:20CC700088210020892100208A2100208B210020624F00207CB505464FF6FF7601AC009432
:20CC900002230A4A3146012002F0D2FA0BE0E0680168284600F080FABDF8042000233146CE
:20CCB000204602F025FB0400F1D173BDCC000100F8B50D4C0E462178FF290546174611D085
:20CCD0000A2001F0C3F868B1B12101700022427002714580C680078101462078BDE8F44080
:20CCF00001F022BAF1BD00BFA74500207CB54FF08056D6F8A4010B4D446800214FF040522F
:20CD10001C23032000902846A047D6F8A401446800214FF400720923012000902846A04795
:20CD30007CBDC04600A00C40F8B50D4C054604F1080000688047064605F1080080B201F0CE
:20CD500091FE071C05D00549BD8008680F6038600837E168304688473846F8BDF017002013
:20CD7000AC1100202DE9F0410C4D804605F10800006816460C4680470746214632464046D3
:20CD9000FFF740FB041C18BFE660E96838468847002C14BF00200820BDE8F081AC1100203D
:20CDB000F8B507460A480B4C0668E0698D00285886420AD108480090384602F0E1F8E069E7
:20CDD0002858864218BF381C00D10020F8BDC04618120000440100204016002038B50368C7
:20CDF0001C695D6840F6C41202FB0144AC6081614FF4C874428A5143B1FBF4F1491C416126
:20CE10005A689468611A916059688A689A60BDE83240FDF76BBE7047F8B50E460A490B4C95
:20CE3000090BC9B200EB0135A0681746804703E015F8011B06F8011B39464A1E002997B287
:20CE5000F6D1E1688847F8BD00E00100AC11002038B50C4B1D6802F0FF04A54209D31F2CA4
:20CE700007D202F0FF0403EB8403D3F89830984201D0022038BD08461146F9F775FE0020E2
:20CE900038BDC046840F002080B517460A4A643A13688B4205D302EB8102D2F8982090426C
:20CEB00001D0022080BD002207B101220348E0384254002080BDC046E80F0020E020024080
:20CED0000C48001D01688A6800E00246506818B101F120038342F8D1507B10F00F0006D179
:20CEF000488C40F60901814208BF012000D000207047C0460818002038B5044601F04EFF01
:20CF1000094A1178054684F0FF00014011701078000904D205480821D03801F059FF284609
:20CF300002F036FA38BDC04686210020A819002038B50C46054601F05DFF10B12846F3F72C
:20CF5000B3FE084800684FF47A71B1FBF0F080B204FB00F1284602F03BF92846F3F7E8FBAD
:20CF700038BDC04634040100B0B50B4C0546A06880470A490F685FB107F10801A94204D8F5
:20CF9000B988C9190831A94202D23F68002FF3D1E16888473846B0BDAC110020F0170020C5
:20CFB00030B500210A4A182394684B43E55C854202BFE3185B78012B08D0064B1C78491C5D
:20CFD000C9B2A41CA142EEDB002030BD012030BD282100207B4F002050B501460A48836863
:20CFF0000022182050431C5C8C4202BF18184678012E07D005480478521CD2B2A41CA242DA
:20D01000EFDB002050BD00BF282100207B4F002070B504460D4616460C2000F017FF78B17E
:20D0300090210170FF220223427003714480C580866001460348007801F076F8002070BDAD
:20D05000132070BD654F0020B0B54FF0805000F5EC74D0F8D801094D816828468847C7B22D
:20D0700057B12068426800212846904720688168284688470028F9D13846B0BD00400340F2
:20D090000C4A08B50021921C12F8013FFF2B04D1107041F08001C8B208BD9842F9D0491CDC
:20D0B0000229F1D30248006880688047FF2008BDEC170020A815002070B50C4C054604F16F
:20D0D00008000068804706460648416AA94204D1054909684069496A8847E168304688478C
:20D0F00070BDC046A8150020EC170020AC110020F8B50C4D074605F1080000680C4680473E
:20D1100006462146384600F0DFFF041C1CBF00202081E96830468847002C14BF0020062069
:20D13000F8BDC046AC1100202DE9F0410F46044601F0CEFB04F1280292E8600033462A46C5
:20D15000FCF78AFB80460B4642462846314601F0A7FA17B1303484E803004046BDE8F081FA
:20D1700070B5044604F1280090E80C000D460021284601F095FA04F1300292E860002D18E7
:20D1900046EB0106290C30040143FFF75FF9383484E8600070BD704710B54FF6FF748442ED
:20D1B00006D000F081FF68B104800021817010BD0548007830B10022091F21F8044F401EE3
:20D1D0008A70FAD110BDC046694F002010B504462088FFF7A5F9FF2808BF4FF0FF300BD04D
:20D1F000064A810001EBC000105818B101462046884710BD6FF0010010BDC04608120020BB
:20D2100010B5044601F0CAFD094B083B1A1992F8E910491EC9B282F8E91021B99A68012197
:20D23000A1408A439A6002F0B3F8002010BDC046A0100020F8B515460C46064601F0AEFD94
:20D250000746084800683246904205D12046294600F042FB044600E00324384602F098F846
:20D270002046F8BD0C18002010B51446600548BF00F0CAFE600348BFF8F7D2F9200248BFAF
:20D29000FFF7F8F914F0030F18BFF5F7C7FD002C03D5BDE8104001F075BA10BD30B50A4ADB
:20D2B00092680021CBB218246343D55C854208D0064C2578491CCBB2AD1CAB42F2DB0020A0
:20D2D00030BDD018407830BD282100207B4F002038B505462D2D0C460FDA4FF6FF7291421B
:20D2F0000BD01D2804D13C20604380B201F044FE034921F81540002032BD022032BD00BF2C
:20D310008C13002008B500684168094801F007FB002808BF012009D00220FFF771FF062095
:20D33000FFF76EFF034801F04BFD002008BDC046541300203813002038B501F019FE0A4CCE
:20D350000A25E634611E062011F8012FFF2A02D1401EF9D103E00020214601F005FE6D1E89
:20D3700004F10E04EED138BDD40C002098B504460A48006880B10746B868044209D0FB6871
:20D390003A69204600219847002818BF4FF0FF3003D13F68002FEFD1002098BD9810002060
:20D3B00070B506460D460A2E0DDA084CA068804707490A6832F81610A94322F81610E168D0
:20D3D0008847002070BD032070BDC046AC1100207C210020094910B50020094C086001201C
:20D3F000C86114342060216844F8280C054824300068016A14208847206810BD0000244300
:20D41000182009408C01001038B5B1F1FF3F044608BF05212020EFF3118580F311880120F5
:20D43000054B61618840A061586901F099FDA06285F3118838BDC046C8010020BCB5044607
:20D450001546FDF751F9071C0FD12078694600F057F828B1286801F071FC6FF00500BCBDF6
:20D47000BDF80000208000F061FF3846BCBD704738B50546104659B9084AB0FBF2F1514335
:20D49000401A294601F068FD041C05D0012100E00024284601F038FF204638BD40420F00C0
:20D4B0001CB5094C6078062818BF07280AD1207800F0D0F90246132004490090238A1020C9
:20D4D000F6F7EEFB1CBDC046C0070020E514011010B50C4609490A6800234FF47A71A1FBCE
:20D4F0000001FCF7B9F92246002908BFB0F1004F2EBF6FF002001060002010BD340401004A
:20D51000062880B50BDA094B0246900000EBC2001F5AC0181FB14FF6F872BA4202D14FF0FC
:20D53000FF3080BD028800200A8080BD001200200A4B10B51C688C4207D31F2905DA03EB71
:20D550008103D3F89830984201D0022010BD0846114600F045FC002010BDC046840F00208E
:20D5700038B5044601F01AFC084A02F108031D680121A140A4182943196094F8E910491CFA
:20D5900084F8E91001F004FF002038BD9810002038B50C460546FDF7E1FE2A462146101AD7
:20D5B000800801F57A72824203D26FF05042824201D2002038BD401A012898BF012038BDCB
:20D5D00038B50C46D0F8031021F07F4100910568204601F015FF25F07F4538B96946204608
:20D5F00001F0B6FCA84201D1012032BD002032BD10B50A4C60601022002100F083FF0128D4
:20D6100003D16068102101F09FFC606801F0C2FBBDE81040012001F093BC00BF504C00205A
:20D630000A4A1268D16E71B9926E92F895100B0703D54168C1F3C00129B992F83310012993
:20D6500001D11820704701F077BC00BF304F00200A4938B50A220020E6314C1E062314F835
:20D67000015FFF2D02D15B1EF9D101E0401CC0B2521E01F10E01F0D138BDC046D40C00201C
:20D69000F8B50A4C074604F1080000680D46804706462946384600F017FD00280CBF002556
:20D6B0004568E168304688472846F8BDAC11002010B501F03DFE01F0DFFC032001F038FC1A
:20D6D00006481030006830B1034C204601F084FA204601F087FA10BD9BAD0000A40100208D
:20D6F00008B501F05DFC012801D001F01DFC074801F016FC00F0CEFB01F00EFC01F008FC14
:20D7100001F002FC01F0FCFB08BDC046C1D6000030B50025ADF1240D0848009502AA0193C2
:20D730000B46294601F0E8FB041C03D002A900F0CFFF2546284609B030BDC04670020100F1
:20D7500038B5044601250DE0C0F11F0005FA00F1052881EA040403DB401FFAF72DFC01E0D7
:20D77000FFF74EFDB4FA84F02028EDD138BD38B5044601250DE0C0F11F0005FA00F1052804
:20D7900081EA040403DB401FFAF79CFE01E0FFF7E7FEB4FA84F02028EDD138BD3EB54D68BD
:20D7B0001821144601916A880092AB88AA6829884088FCF721FF162802D10021A9603EBDA9
:20D7D00001001CBF298821803EBD022908BF01780CD0032908BF017805D004290AD1C27846
:20D7F000017801EB0261827801EB0241407801EB0020704700787047B0B5446885680F462B
:20D8100008E0216B0870206B636B7F1E401C2063581C60632FB1286801F08BF9B0F1FF3F3C
:20D83000EFD13846B0BDB0B5446885680F1C0FD0216A2868097801F083F948B1206A636ACC
:20D850007F1E00F10100206203F101006062EFD13846B0BD0EB50949502300228DF8060010
:20D870002C31ADF800300968ADF8022068468847002814BFFF209DF807000EBDAC11002053
:20D89000094801684BF69A120901B2EB114F07D100680B21B1EB107F14BF00200320704766
:20D8B0004FF0FF307047C0461813005080B50F46014608480822B0F93C30994204D147B1AA
:20D8D00090F83F301F4204D1521E00F14000F2D1002080BDA8190020094A10B51032127885
:20D8F0000C46022A18BF012009D100F07BF904B1206000F0FF0001280CBF8120022010BDBC
:20D910000818002030B50D460446242208230021ADF1240D684601F053FB012029466A46A7
:20D930008DF81800204601F0E3FA204609B030BD10B50446002124220823ADF1280D6846D8
:20D9500001F03EFB01206946034A8DF81800204601F032FB0AB010BD4016002010B50C463B
:20D9700001462046491E07D0491E02D0FFF7DCF910BD01F0B9FA10BD1946029B14460246CC
:20D99000204601F041FC10BD7CB504460D4601F0A7FA06000AD101A821460090ADF804503C
:20D9B0007F23034C2078002201F096FA304676BDA64500203EB504001D460FD0ADF8001089
:20D9D0008DF802200194684601F082FA010006D12DB16089294601F077FA3EBD02203EBD58
:20D9F00010B50129044605D002290ED1012101F067FA50B9204601F013FB08B1FEF77EFEF3
:20DA10002046BDE81040FFF735B910BD10B5262000F0FEFD0446C0B268B1022000F016FAFD
:20DA300048B110210170002242700146E0B2BDE8104000F079BB10BD80B5094909684A78EE
:20DA5000132A03D114204870002002BD152A05D101F032FABDE8014001F02ABA082002BD06
:20DA7000304F00201CB540F6FC74204669460422FFF7D2F90098B0F1FF3F03D1241FA4B2A0
:20DA9000042CF2DA0148241D04801CBDE217002070B5094C06460025E63420463146062270
:20DAB00000F022FB002818BF281C04D16D1C0E340A2DF2DB0A2070BDD40C002038B52020DE
:20DAD000EFF3118580F31188064CA068002101F02FFB6169081AA169814238BF002085F3D4
:20DAF000118838BD7801002010B50B460446A18859B1206806A2FEF745FEA168A38809189F
:20DB1000A160181AA080002010BD012010BDC0462573000010B5816844688968606800F026
:20DB3000FEFE38B9206804A1042201F0E2F8606801F046F910BDC0461B5B324A00C009B490
:20DB500090B503AFADF1040D48B103681B693C1D24F00304241D00941C467B68A04701B001
:20DB7000BDE8904002B0704738B50446EFF31185202080F31188A08A012806D101F0D0FBD6
:20DB9000E168A368081A834200D2002085F3118838BD10B50C46116801290ED9491E1160C9
:20DBB000016831B900F0AEFF38B1204600F0A2FF10BD0C700168491C016010BD0168064A87
:20DBD00003201060054801220270C868407810B9034801F0F5B87047884702408C21002091
:20DBF00054130020084980B5A1F108021768002FFCD1002314310B601060D769002FFCD073
:20DC10000B60506880BDC0460810044010B50C4601461046224641B138B1C8608A600448DD
:20DC30000B6100F08FF9002010BD6FF0020010BD98100020F0B505AF97E860000446ADF1ED
:20DC50000C0D8DE86000F9F763FF01460A224FF0E0432046F9F78AFE03B0F0BD70B50546F1
:20DC700000F090FF002400B90124054E30680028FCD0A847012030600CB100F089FF70BD32
:20DC900000800C4080B501F04FFB06490F7880B22FB9054A12680023137001270F7001F041
:20DCB00077FB80BDCD1600200CFF000010B5084C226862B128B12068017902F10800F2F722
:20DCD00027FD20680C38FDF7FDFE0020206010BD1C20002038B50D460446FFF745F958B1C5
:20DCF000631B00F10801621B994205D8818809180831914228BF141C204638BD0748006808
:20DD1000002808BF002107D005494268914288BF111C00680028F8D1084670471C21002012
:20DD30008EC2F528B0B5456884680F4606E005F13C02C1B21046FEF759FC7F1E2FB12068E1
:20DD500000F0F7FEB0F1FF3FF1D1B0BD410000B501EB8000ADF1140D20300E216A46C0B2FE
:20DD700000F09CFA002814BF00209DF80D0005B000BD38B50C46054601F010F8216801B918
:20DD9000294662684A60616801B9294622680A6001F0FEFA38BD704708B5FFF771FD0146AD
:20DDB0000548026803294FF0FF3004D1C2F30331092908BF082008BD9412005010B54FF064
:20DDD0008054D4F8E0014268012103209047D4F88C01C06A80470149086010BD00210020E2
:20DDF000002948BF0021064A521E02EB8000026801F03F0122F03F02114301607047C04635
:20DE10000110084080B50021C00706D5044B054810220721FFF7CEFD0146084602BD00BFD7
:20DE3000D4040100C412002010B50346002A08BF00200AD05B1E491E11F8014F13F8010FB6
:20DE5000844201D1521EF7D1001B10BD10B5041C05D004F10C0080B200F0FCFD08B9002043
:20DE700010BD002101600481FF2383720C3010BD10B504466088002818BF6FF0010008D16F
:20DE9000A079FFF7FDF8E071FF280CBF6FF00300002010BD074808B51030006828B1034804
:20DEB00000F09AFE024800F09DFE08BDB9E10000C9E60000A4010020074810B51030006866
:20DED00030B1044C204600F087FE204600F08AFE10BDC046A7DD0000A4010020074908B51F
:20DEF000283090E80C000020FBF7B6FC002908BFB0F1FF3F88BF4FF0FF3008BD907E00001B
:20DF1000F8B50D461F4616466946FFF7E1FA3B4632462946041C02D10098FBF73DFA20462E
:20DF3000F8BD38B5054600F039FF2C6834B121682960216801B9294600224A6001F028FAA0
:20DF5000204638BD38B50C46054600F027FF0021216069686160696801B929460C606C6050
:20DF700001F016FA38BD70B51C4616460D4600F00BF8E900B1FBF6F1491CCA094262C1F366
:20DF900045018162C46270BD81690909FCD2C16A044B21F01001C162026B03EA02010163AB
:20DFB0007047C046FEFCFFFF38B5054600F0F6FE044604482946FFF7DCFE204601F0E8F973
:20DFD00038BDC046981000200648054A41698A4203D0D030042100F0FBBEFCF779BFC04689
:20DFF000612B00000818002005480068400838BF002003D303480068C0F3C0107047C04668
:20E01000402108400000044006488078FF2800D1704780B500F020FCBDE80440002100F0D3
:20E0300043BF00BF684E002020B5014600200A680860134615791268032D08BF401C9A4293
:20E05000F8D10B60C0B220BD80B50021C00706D50023102201210348FFF7ACFC0146084640
:20E0700002BD00BFE01600201FB58DF80820FE23120A8DF80920019300240094022302AA73
:20E09000FCF7BAFA04B010BD017A102908DA054A11688B6E93F83310012901D1062070474A
:20E0B00000F0FEBE304F0020064A127842B1091F31F8043F984208BF081C02D0521EF7D1D5
:20E0D00000207047694F0020064A126842B11389994202D1937A984202D01268002AF6D156
:20E0F000104670471C21002010B5401E491E4AB111F8013F10F8014FA34218BF002002D1D1
:20E11000521EF5D1012010BD08B5002808BF052009D010F8021CFF2918BF042003D10C38C0
:20E1300000F0A8FC002008BD0A4608B530F07F0105D001460120FCF76BF9C0B208BD114687
:20E150000022FAF76FFD08BD10B580F08004022C03DB04480068806880470148005D10BDD0
:20E17000AB150020EC17002038B5044600F016FE0546207820B10220FFF742F8002020709B
:20E19000284601F005F938BD38B5044600F006FE0546207820B90220FFF7E2F90120207092
:20E1B000284601F0F5F838BD10B5064C206900F073FE0146A06800B9E160A068401CA06060
:20E1D00010BDC046A4010020054808B54168054801220838026048698969884708BDC04695
:20E1F000E40100200C20094010B5044607E090FAA0F0B0FA80F0C1B22046FDF7E7FC6068F3
:20E210000028F4D110BD02294FF0000204D0012808BF4FF47A7203E0012808BF40F2EE22C0
:20E230001046704738B5012014460D46FAF72EFF0246294620461AB110700420FDF78AFBE3
:20E2500038BD10B5044600F0E5FB216800780A78824204D12046BDE8104000F019BE10BDCF
:20E27000011F4FF6FF73042031F8042F5A400A808A78401E82F0FF028A70F5D1704708B50C
:20E29000FFF7E6F90228B4BF0A20022001216A468DF800000520FBF7BFFE08BD38B5154678
:20E2B0000C46FDF743FD002808BF012004D029462246FEF7B1FD002038BDFEE708B5F8F7C4
:20E2D00013FA04482C30F7F7D3F810B9FBF7A4FB08BDFEE704FF000010B5054C2178A06109
:20E2F0002620FEF7F5FF207800F0A6FC10BDC046D40C002008B548B1FFF7CAFB0A2805DA60
:20E31000FFF724FDC00828BF012000D2002008BD38B501F00DF8054601F006F8A9B280B2A5
:20E3300061F30F0460F31F44204638BD08B501F003F8FDF785FA30B1816821B140684FF0B6
:20E350000041F2F7B5FC08BD044908B5096849698847034A0021116008BDC046A8010010AE
:20E37000840460420348016803480160034800F02FBDC046E0200240E0200260E80F00201B
:20E390000548B0F98610B0F98400814202D10820FEF7B2BD7047C04608180020054908B58A
:20E3B0006A46FEF747FF81280CBF9DF902006FF07F0008BD0100030410B5044600F0EEFCC2
:20E3D00003490A7814430C7000F0E2FF10BDC0468621002010B500F0A7FF044600F032F862
:20E3F000A0B200F0D5FF014810BDC0460CFF000008B530B104483030006842680148012109
:20E41000904708BD00400340A801001010B5054CE06920B1E069FFF777FE0020E0610A20A5
:20E43000207410BDD40C0020054908B510B90A78012A03D0C91C0A680021904708BDC046FD
:20E4500045170020054A1168087828B90120087050680068FAF736B87047C0460CFF0000A7
:20E4700070B50D460646A8B200F0F4FA041C03D031462A4600F008F9204670BD0346104693
:20E4900009181A46491E28B111F80139401E02F8013BF9D110467047054B10B5044600F0AE
:20E4B000F3FCA068002814BF201C002010BDC0464016002001460548006828B10289914282
:20E4D00003D000680028F9D100207047CC17002010B501201C46FAF7D9FD021C04D01470A0
:20E4F00008200021FDF736FA10BD0CB480B502AF3A6827F003031B1D00F00CFBBDE88040D9
:20E5100002B0704728B142B1401E10F8013F994201D000207047521EF7D1012070477047C6
:20E5300004480068C0F302400628A8BF4FF0FF307047C0469412005010B500F09DFD034CCE
:20E55000206000F0F5FE606010BDC0464021002010B5044C606800F0DFFE206800F084FD91
:20E5700010BDC04640210020044908B591F8E60018B1D1F8100100B1804708BD9810002016
:20E5900010B5044C00F022FC0146204642694068904710BD0818002010B504460021102004
:20E5B0002246FDF7D7F910B92046FDF78BFA10BD044910B51CC91CC01CC91CC00EC980E8D7
:20E5D0000E0010BD2C0201000449B1F1FF3F07BF0020011C0868091DF9F732BAFFFFFFFF83
:20E5F00010B504460846012C114602D1F2F790F810BDFDF74FFE10BD38B504460D4600F091
:20E610003FFC012802BF142D1B21A4F87A1132BD2D2803DA034931F8100070474FF6FF7010
:20E63000704700BF8C13002010B5044C012000F088FB20780028F9D0012010BD8C210020A8
:20E65000091F042231F8043F984208BF081C02D0521EF7D100207047014611F8060C0328BD
:20E6700003D102480078FFF75FBD70478E21002000F8011B0A0A00F8012B0A0C00F8012BD6
:20E69000090E00F8011B7047034610461A4628B111F8013B401E02F8013BF9D11046704700
:20E6B00030B502FB01F403FB00444FF00005E2FB00542146284630BD04498868401E886077
:20E6D00003D10869C96800F0D7BB7047A401002010B50446086903490968A06088476060EA
:20E6F00010BDC046200401002022EFF3118382F31188426A1143416283F3118800F0B8BB37
:20E7100010B54468206800F0E5FA00202060606800F05CFA10BD08B50090BDF8020000F0B2
:20E7300037FEBDF8000000F0F7FD08BD10F07F4F08B503D1FFF704F8002008BD6FF002009F
:20E7500008BD10F07F4F08B503D1FFF710F8002008BD6FF0020008BD10B50129044698BFEC
:20E77000012100F011FB204600F010FB10BDADF1080D01208DF800009DF800000028FBD15B
:20E7900002B0704780B50020FFF74EFE822000F00BFEBDE8014000F067BBADF1080D012002
:20E7B0008DF800009DF800000028FBD102B0704710B50024204628B92046F7F763FE641C6D
:20E7D0000A2CF8DB10BD08B5C068B0F5803F04D1FFF772FB032000F0ABFB08BD10B5044645
:20E7F000FFF76AFB032000F0A3FB204600F000FC10BD704708B5FCF799FF02480121017002
:20E8100008BDC0460018002010B5044600F0C6FA00216160216000F0BBFD10BD034938B515
:20E830003CC93CC00EC980E80E0038BD90020100084608B58021FFF739F8002814BFC068FC
:20E85000002008BD0328BABF024901EB401000207047C04640190020034A53684FF4C071C6
:20E8700048431844704700BF684E002003490968002918BF084700F0FDB800BF7021002034
:20E89000012814BF00200720014908600020704700000460034812300078012801D1FBF746
:20E8B000FDBB7047D40C002008B54FF480100122694600900020FAF721FD08BD4FF0FF3184
:20E8D000421E12F8010F491C0028FAD108467047034808B508300068006B804708BDC046AC
:20E8F0008401001000B903488A0002EBC10108187047C0462C17002008B500F0B1FA024854
:20E91000006800F0B5FA08BD840100200160426000218160521EC26001614161704708B567
:20E9300000F0D2FC002814BF00204FF0FF3008BD10B500F0A5F90024012808BF01242046C9
:20E9500010BD00B50A21ADF12C0D684600F084FA0BB000BD10B500F04DFA002400B1012499
:20E97000204610BD08B5FFF79FFB002814BF8078002008BD002101604FF0FF31416001217B
:20E990000172704710B500F07BF9002400B90124204610BD0246024808B5904708BDC046EE
:20E9B000D402010008B50221684600F051FABDF8000008BD0248006800F07F007047C0464F
:20E9D00044130050014602480068F2F771B9C04610020020002101604160C1604FF0FF3189
:20E9F0008160704708B500F005FA002100B10121084608BD024A13680C214843184470472A
:20EA10006821002002494FF6FF700880704700BFCA0000210249087800B14868704700BFB3
:20EA3000282100200249086800B10120704700BFA44E00200C281CBF11281A2801D100F0FC
:20EA500003BA7047014602480068F2F731B9C046D8070020024908B50968496B884708BDA0
:20EA7000EC170020024908B50968496C884708BDEC170020024908B50968896B884708BD7D
:20EA9000EC17002008B50020012269460090FAF735FC08BD102802D301491038086070475F
:20EAB00000EF00E008B5024B40681B68984708BD1C04010008B5024B40681B68984708BDA4
:20EAD0002404010008B5024A40681268904708BD2804010008B5024940680968884708BD54
:20EAF00030040100042808B502D11046FAF7A0FC002008BD024908B50968884708BDC0463A
:20EB10003C040100024808B50068804708BDC046400401000EB501930023009301ABF2F7BC
:20EB3000CBF80EBD08B54FF00041F2F7C1F8002008BD816949092CBF4FF0FF3000687047BF
:20EB5000826992092EBF002001600120704780B500F076F91E2808BF002002BDD0F803206E
:20EB7000C31D08461946FAF77BBB08B5FFF7B0FE000C0904084308BD08B510B10368DB681B
:20EB9000984708BDEFF3108072B6704700207047EFF3108062B670470020704700FB00F195
:20EBB000C0EBA15000B27047014800687047C046A01000200149F031085C704798100020B4
:20EBD000C2F3400302F00102F9F754BA08B50090684600F031F908BD0149091F08607047CF
:20EBF00058170020014908607047C04658170020014A1060918070474821002001480078AB
:20EC1000704700BF2821002001484078704700BF2821002001490870704700BF8921002023
:20EC300001490870704700BF8A21002001490870704700BF8B21002001490870704700BF85
:20EC5000A7450020D0F8032008460021FBF722BC11780020422908BF0120704708B5684650
:20EC70000091FBF79BFE08BD08B5FBF777FD4BF6BE2008BD1CB500240094FAF7A3FA1CBDAC
:20EC90000148007D7047C046A4010020014880687047C046C8010020002181600170416031
:20ECB000704708B541688068884708BD10B10068F1F7FABF704702F001020123F9F7DAB98E
:20ECD000014600220220FCF745BE014600220120FCF740BE08B501680968884708BD08B540
:20ECF00003685B68984708BD08B503681B69984708BD08B50368DB69984708BD4FF0FF3163
:20ED10000160704740680021017070474068E83000F056B84068CC3000F052B84FF0FF3010
:20ED3000906070470022F4F713BB0122F4F710BB6FF0010070474FF0884070470C38FCF75C
:20ED5000C1BE401EFDD170470022FEF773BA0022FEF770BA4FF0FF3070474FF0FF30704772
:20ED70000020FFF761BB0846FAF790B90846FCF7A9BE81604260704730BF704700F058B841
:20ED900000F052B8FEF7F0BE00F022BAF1F7D0BCF1F78ABFFBF782B900F042B800F0C4BAD0
:20EDB00000F03AB8FFF776BEFFF7E3BF00F030B8FAF76CB900207047F9F786BF00F024B8D9
:20EDD00000F07EBA00F01CB800F0B2BAFFF75EBFFFF78ABCFEF718BBFFF79CBE00BFFEE7D0
:20EDF0000020704701207047FBF754BBFFF766BD00207047808A7047F9F70ABB0120704715
:20EE1000DFF800F015C10110DFF800F00DC10110DFF800F055BC0110DFF800F089AF011095
:20EE3000DFF800F0A9C00110DFF800F091BE0110DFF800F0DDC00110DFF800F009C1011043
:20EE5000DFF800F0BD660010DFF800F0DD930110DFF800F0C14A0010DFF800F029C10110BC
:20EE7000DFF800F043B80110DFF800F071700010DFF800F011B00110DFF800F095C0011031
:20EE9000DFF800F0BD880010DFF800F079AD0110DFF800F0718D0010DFF800F091C001104A
:20EEB000DFF800F061300110DFF800F0DD860010DFF800F065330110DFF800F08DF10010DA
:20EED000DFF800F0B17F0110DFF800F081080110DFF800F009FB0010DFF800F0A9820110DB
:20EEF000DFF800F0E9610110DFF800F02D540110DFF800F05DB40110DFF800F0C9C201103B
:20EF1000DFF800F025C10110DFF800F085C00110DFF800F04BC00110DFF800F0E9B40110AE
:20EF3000DFF800F081C50110DFF800F083A60110DFF800F0A1BE0110DFF800F009F6001095
:20EF5000DFF800F04DB20010DFF800F0B1230110DFF800F0296D0110DFF800F02918011098
:20EF7000DFF800F079BB0110DFF800F0C9AD0010DFF800F0A9AD0010DFF800F06DB2001005
:20EF9000DFF800F0BDAA0110DFF800F041BA0010DFF800F015C00110DFF800F079BF011093
:20EFB000DFF800F069C70110DFF800F011090110DFF800F0598E0110DFF800F0D1B201102D
:20EFD000DFF800F009C00110DFF800F0FD2D0110DFF800F00D930110DFF800F0B146011037
:20EFF000DFF800F039850110DFF800F005850110DFF800F0D5C60110DFF800F0BD9201106F
:20F01000DFF800F02DB40110DFF800F0697F0010DFF800F0615F0010DFF800F069B20110DE
:20F03000DFF800F009140110DFF800F06DC60110DFF800F0CDC00110DFF800F0C9C00110FA
:20F05000DFF800F0097F0110DFF800F0E57D0110DFF800F009FC0010DFF800F0D10701107A
:20F07000DFF800F035BD0110DFF800F0F5B70110DFF800F0CDAC0110DFF800F031BF011019
:20F09000DFF800F019AE0110DFF800F021C00110DFF800F061730110DFF800F035720110DD
:20F0B000DFF800F059720110DFF800F0B9860010DFF800F049C70010DFF800F099860010AA
:20F0D000DFF800F0458E0010DFF800F07D180110DFF800F099140110DFF800F0F57F001039
:20F0F000DFF800F0B57F0010DFF800F0C11D0110DFF800F0F91B0110DFF800F08D1C0110D2
:20F11000DFF800F0917E0110DFF800F0D57F0110DFF800F0A5850110DFF800F0B1B1001091
:20F13000DFF800F0A9BC0110DFF800F0F1A20110DFF800F0E1BE0110DFF800F0AD710110AA
:20F15000DFF800F0FDB10110DFF800F0C1BF0110DFF800F0F5A40010DFF800F045490010EC
:20F17000DFF800F009AC0010DFF800F069870110DFF800F0754C0110DFF800F0251E011077
:20F19000DFF800F085F90010DFF800F0B1BE0110DFF800F0AD160110DFF800F05D220110D1
:20F1B000DFF800F055620110DFF800F069620110DFF800F0AD870110DFF800F0A5870110FD
:20F1D000DFF800F0F1F90010DFF800F0DD970110DFF800F0E5C00110DFF800F0F18E01103E
:20F1F000DFF800F0D50C0110DFF800F011FC0010DFF800F01D620110DFF800F0418301106F
:20F21000DFF800F0818E0110DFF800F005840110DFF800F0B51C0110DFF800F01D6C01108C
:20F23000DFF800F069490010DFF800F065940110DFF800F055FD0010DFF800F07193001060
:20F25000DFF800F08D6F0110DFF800F0F9740110DFF800F0B1A50010DFF800F0A9A5001033
:20F27000DFF800F0B56C0110DFF800F021860010DFF800F0CD820010DFF800F0798400100D
:20F29000DFF800F0D9490010DFF800F0818B0110DFF800F0ED6F0010DFF800F0011701105E
:20F2B000DFF800F09D920110DFF800F051700110DFF800F0518C0110DFF800F0656C011040
:20F2D000DFF800F0E1A30110DFF800F0059B0110DFF800F06DB10010DFF800F091B100103C
:20F2F000DFF800F089140110DFF800F011610110DFF800F005FE0010DFF800F0BDFD0010D4
:20F31000DFF800F0D5140110DFF800F0C1170110DFF800F0557F0110DFF800F005B3011030
:20F33000DFF800F09DB20110DFF800F085BF0110DFF800F011BF0110DFF800F02DC001100D
:20F35000DFF800F0097F0010DFF800F009960010DFF800F0E5BE0010DFF800F0AD7E00104C
:20F37000DFF800F049890010DFF800F0497E0010DFF800F0FD880110DFF800F0058101107B
:20F39000DFF800F051F50010DFF800F0B9800010DFF800F061C00110DFF800F0DD8F0010F4
:20F3B000DFF800F001830010DFF800F09D920010DFF800F071900010DFF800F0B9970110DC
:20F3D000DFF800F0B1970110DFF800F03D710010DFF800F0996F0010DFF800F0716D0110E3
:20F3F000DFF800F0B56E0110DFF800F0196F0110DFF800F0CD6E0110DFF800F0896E0110C0
:20F41000DFF800F0016F0110DFF800F0C9C10010DFF800F0A9850010DFF800F09186001040
:20F43000DFF800F069860010DFF800F035440110DFF800F04D710110DFF800F01D6E0110AC
:20F45000DFF800F0E5710110DFF800F0518B0110DFF800F07D810110DFF800F0D9750110BE
:18F47000DFF800F059880110DFF800F0C9790110DFF800F0B99201108E
:20F48800872100208A210020892100208B210020882100207004010028210020201700203D
:20F4A800BC000100C4000100DE000100BE00010065EA000085EA0000A5C2000099E6000080
:20F4C8008DE40000F9ED00005DDE000019E1000039E10000D99B0000A578000039CD0000E7
:20F4E800E5DC000081E60000DBD7000015E5000051C7000001D1000075CD0000B1D3000080
:20F5080071E40000F9E00000B5E9000085EC0000EDBD000005B300003BC3000039E4000029
:20F52800F1A7001091BB0010A5BC00108DBA001075A8001025EC0000ADA20000B9A90010F8
:20F54800F1A9001031EC0000B1BA001005AB00101DA900104594011079BD001051BD00107D
:20F5680021BE001039A800107DA900103DEC0000FDA700102DBC001041BA001021AE0010AD
:20F58800A9AF00108DAF001089AB001079B00010BDB0001041AC001081AC001009AC0010B6
:20F5A800E5AB001061AC0010F949001071BE0010955F0010D9490010615F001049C70010CF
:20F5C80079520010FD5A0010855E0010BD4B0010E950001035CB0010E94F0010454E001092
:20F5E800D5C0000095C6001001CA001069CA0010B55A0010615A001021C90010954A001012
:20F60800494B001069490010B54A00105DB9001001570010C16100108D490010814C0010EA
:20F62800594B00107D4B00104D61001025C80010D14B0010ADC80010B54C0010ED4A001072
:20F64800314C0010614A00108951001029520010E5BE0010254A0010015B0000659401104D
:20F66800F15500109D5500106D530010AD4900101959001095570010395700104D60001079
:20F6880045490010814D0010FD610010F97201109D720110899D00006DAB000061730110B9
:20F6A800217201100D72011035720110CD710110E571011059720110AD7101107D6D00109B
:20F6C800C16D0010C1680010996D0010C5680010C9680010BD6C0010596B0010756D001018
:20F6E800596E0010796D0010B96C0010016A0010B56A001065690010256E0010A1680010BC
:20F70800216E0010556D0010056D0010D9B90010ED6D0010996C00108D6B00102969001023
:20F72800956C0010ED6800109D6C0010596800101D6C00104169001069680010A98C0110E7
:20F74800B18B0110ED8B0110F98D0110518C0110258C0110118C0110818B0110418D0110DA
:20F7680079D2000051A500105DA50010A9A50010ADA5001065BF0010096300107D630010BE
:20F788006962001035630010BD630010AD93001071930010898F0010DD93001009E60000B3
:20F7A800598F0010BDB2001089B2001019680010F9C00010D567001015C000106DB10010C6
:20F7C8004DB200106DB2001025640010216500109D6500101D660010256600108566001079
:20F7E8005FEB000081670010296D011021700110196F0110716D0110896E0110016F011065
:20F80800D1D50000E56F011039710110FD6F0110B1CF000029A30000F5A4001053E2000073
:20F82800F1800010B98000103D990110018B0010354401100572001079840010858300103D
:20F84800A9850010B98600109986001069E80000097F0010AD7E001091860010698600109A
:20F86800818B0010C9C600003586001025EA00000DEC0000ADD200007FE70000B1970110C4
:20F88800F57F0010E9710010D1CB00009D92001021860010D1920010B9950010E185001099
:20F8A800B57F0010DD860010053F01108D820010697F0010ED6F0010996F0010B170001068
:20F8C80089250000418100004989001091A500009171001051720010DD9400102978001081
:20F8E800478A0000D58900100995001009960000897C0010B9AF000059760010B9940010BB
:20F90800251C0000AD7B0010FD8700105D880010397C0010A58A00107FE70000759400105A
:20F92800ED7A0010197B0010E57D0010497E00105D7D0010B9970110DD970110C9A800001A
:20F94800458E00106D870010057E01109DBE0000557F01107D7F01107D7D01103D800110FE
:20F96800F17F011019800110E57D0110917E0110D57F0110E5800110B17F011021800110F3
:20F98800D57E01102D540110AD4F01109550011085910110C59101109D9201107592011080
:20F9A80059500110D99001100591011021D000009192011031920110395201106952011003
:20F9C800A55001102D500110E54C011091530110B94E0110BD520110A9520110FD530110AF
:20F9E8002153011085530110895101104D530110DD510110ED4F0110514F011099500110BE
:20FA0800D14C0110D97A0110C97C01103D7C0110317B0110BD7B0110754D0110694E01108B
:20FA28002D4E0110F94C0110E952011009530110054E0110495C01108D5C0110895D011018
:20FA4800C95C01101D600110A15F0110F95E0110355F0110295E01102D5F01106D5E0110AB
:20FA68001161011079610110398E0110598E011025900110BD8E0110818E01101D6201106E
:20FA88006590011045900110815C0110FD5F0110BD5C0110415D0110E55B0110795F011004
:20FAA800D15E0110E55D0110155F0110515E0110755E0110FD8F0110518F0110BD8F011097
:20FAC800F18E0110918F01102D8F0110318E0110E9610110ED8F01107160011099900110BC
:20FAE8004D8101100584011089840110BDFD001055FD001005FE001089FA0010CDFF0010B9
:20FB080041830110BDFE0010ADFE001099D9000011FC001059FC00105D0601101D060110E6
:20FB2800B183011035060110A9820110190501106D020110190601109D030110896C00006B
:20FB48009D040110C1030110F90301109D050110F5810110E1810110E90401102104011028
:20FB680021810110850601108D8301101D070110E1060110B9060110E90001109D06011062
:20FB8800AD0001100D83011021830110C9000110D50C01100DC70000F1BE0000D514011000
:20FBA80009140110F90801104D130110DDC90000D91201107D0A011005120110654900007C
:20FBC800DD0D011075710000D50F0110A90E01105D0D011099B4000009A60000ADD7000084
:20FBE8006511011099450110A585011021E60000FD8801102918011071890110B58A011002
:20FC0800098B0110118A011009890110498B011041870110AD870110A58701107D87011093
:20FC28007587011069870110858701100987011079860110BD860110E98701108D1C011051
:20FC4800C11D0110011E0110656A0000FD1E0110E1190110A5A30000C11A0110F920011019
:20FC6800251E0110351C0110811E01104D19011019190110B51C0110851B0110F91B0110A4
:20FC8800AD950110499501102595011029950110A195011035950110DD93011045EA0000AE
:20FCA8009993011001940110FD4901106D470110BD4A0110894A0110C9490110394A01108A
:20FCC800714A0110514C0110B5490110E54B01101D4C0110A14B0110ED860000814801108E
:20FCE80051490110B1480110754C011017A50000652401103BA9000091EB0010EDEA0010C8
:20FD0800212501101577011065770110C1760110892701107D28011061280110E12301108C
:20FD28004524011059240110B12301107D210110A5210110092401105D220110252601101E
:20FD48009528011061290110012B0110452C0110652301104D2301104D28011019F80010B2
:20FD6800CDF9001085F9001011F9001015F20010817D000029F10010B9F20010D9F000102A
:20FD880049F1001065F4001065F50010A1EC0010F1EE00108DF5001055F80010C1F80010FA
:20FDA80099F8001069F80010FDF80010EDEC0010457E00005DF0001099EC001031D600007F
:20FDC8008DF1001035F40010F9ED00101DDA0000F1F90010BDF10010BDF00010DDEC001019
:20FDE8005DF3001001F50010017600001DF0001065330110CD3401103D350110413601103B
:20FE0800FD35011089350110653101105134011049DA0000ED31011099E00000A1360110D8
:20FE2800AD6401107965011049650110E56401100D640110D96601107D6401106D660110E8
:20FE480045640110556201107D6201106962011025660110ED650110C9640110C9650110D0
:20FE68009D650110296701101165011029640110F56601108D6401109D6601106164011049
:20FE88002D63011049660110096601103D67011031430000ABE70000217B0000ABE7000090
:20FEA80045DC0000D1EB0000C7EC0000ABE700002DE800005FED000059ED0000ABE70000DF
:20FEC800ABE70000ABE70000ABE700006DB30000ADE30000CDB1000041E80000FD8100008F
:20FEE800ABE70000ABE70000ABE70000ABE70000ABE70000ABE70000ABE700001404C0A084
:20FF0800FE000000802100200C04010000000000000000001404C0A00A0480A0090480A036
:20FF280008400080FE00000006088080070880800D2007C00E2007C01400C08002400080D7
:20FF48000300808009400080084000800A400080FE0000008F0000008F0001008F0002008D
:20FF68008F000300900000018F00010190000002900000038F0001048F0000058F000804DD
:20FF88008F0000048A000006510000007F0001003F0004003F0002003F0001007F00020020
:20FFA8007B756E6B6E6F776E2D696E7374616E63652D6E616D657D007B656D7074792D69A1
:20FFC8006E7374616E63652D6E616D657D00C0467B7374617469632D696E7374616E636557
:18FFE8002D6E616D657D00C02DA100005DB500008F8B000011DF00000C
:020000040001F9
:20000000A993000085BB00009DB20110F9A60000BDEC000035EB00003DE7000053E700003E
:20002000F5B70000C1ED0000D5BA00009DAD0000ADA90000E90F0000000001020304100025
:200040000810182004040810181C10040810181C0000000008000000000000002000000074
:2000600040000000600000000000000006000000020000008600000082000000FCFFFFFFD7
:20008000FFFFFFFFFFFFFFFF03000000000000000000000004000000FCFFFFFFDFBDC429DF
:2000A00062DF9CD890308478CD05F0ACD62E21F7AB20A2E5344887041D0630DC002803286A
:2000C0000018011801280228002901290229032904290529002A012A022A032A042A052A8C
:2000E0000629072908290000ABE7000005E80000B99A00000DED0000ABE700000199000078
:20010000ABE7000035ED00003BED0000ABE70000FDB00000A59F000035BC000015ED00008D
:20012000195E00005D63000065ED0000F1C20000E57600006BED0000F99C000001054503ED
:2001400003000000F0160020F41600203A0100000000000000000000F816002000170020AC
:2001600000000000551F0000DDAB0000A1960000517A01107988011015760110AD81011083
:200180001DCA0000755F00008DAA0000B4120000A4010100B5EA0000C5EA0000E5EA0000E4
:2001A000D5EA000021D7000000000000000000002E000000001000400600000015000000EF
:2001C000FF000000000000000302FFFFC42000202000000001030000000000008FC701108E
:2001E00079BA0110CDAF01107FC0011005AA0110B5AE011045B8011019B901105DBE01108D
:200200009DCA0000EBC70CEEC90CF1CB0CF44B14F74E19FA521DFD582500613101144202AF
:20022000184E031C5A0424930530930300000000FFFFFFFFFFFFFFFF000000000000000061
:200240000101010100C201000300000000000000C7770000F988000025DB00004D88000040
:20026000FD8F000011E7000041ED000047ED00008C0101008417002004000000000000004B
:200280000000000014000000AC0201001C000000FFFFFFFF00000000000000000000000083
:2002A0003A01000000000000000000001C0000000000000000000000C00201000000000024
:2002C00008000000000000003113000005000000E8030000DDD1000021E3000027E7000022
:2002E000000000004D730000BDB5000000000000000000010001000098FE00006C030100C4
:20030000E8000100B8030100E8030100000000000000000000C20100FFFFFFFF9C1F0020B2
:2003200080000000010000000000000000000000000001000000010030313233343536379E
:20034000383941424344454600010B0101010101010101010208010201012A2A004002409D
:200360000B00000027000000FF0000005DC8000095BF0000C9650000D1520000500201002F
:20038000342100201003010014010100A81D0020B401010000000000E8140020FF03010004
:2003A0009D8700000000000000000000BDAC0000617200000000000095DC0000E5E30000A4
:2003C000B582000035B2011071A101106DB50110982000205C030100FF0000000000000061
:2003E000020000005604010011BF011005B30110020000005C0401001B5B324B1B4500043C
:200400000201000D070102030405262A0800000000000000000000000100000077ED0000F9
:2004200001EE00007DED00006DEC000079EC0000F5ED00000A00000079E5000003E8000070
:200440000DEE0000996D00002DED0000272A292A242A502A252A0A18282A232AF0FFF1FF26
:0D046000F2FFF3FFF4FFF5FFFF7F00400007
:200470000000000000000000F8040100FC04010000000000080501000A0501000C0501003E
:200490000E05010012050100100501001305010000050100781400200C0802170D01010201
:2004B000090901010602091818030101090903030500000004FF0517040017FC04FF052255
:2004D000040022FCC93A0000B53B000000000000040501000100000002000000C000010029
:2004F00002000000C2000100EC0000210000D00210270000006131000A050000020100006D
:0405100000001000D7
:20051800007D00000F01DBEC0000D10030FE01B10201060302F0FF7F00E1E4000035E20264
:20053800DBFF53696D706C652050FF6572697068657261ED6C04C114090163424C45FE012F
:200558008705125000200302E90A06DF02013FA90A035BD53075FFFDFF55BF180600800C12
:200578000000A1E803D6595F065FB05B0FC7050E8F8017DF0B0020010D90101001BE90654E
:20059800FE006578708CF06DFF656E74616C4D6F64FF656C204E756D6265E9728F578EE046
:2005B80061015D466972FF6D77617265205265BF766973696F6E957148F7617264014E53DC
:2005D8006F6674FE029E4D616E75666163FF7475726572204E61736D6597B399C0BC0001BC
:2005F80000105F0000E0030100F2BE00F46F3817002001F15A0401F3A90F0CB001F9390122
:20061800F45001F425AA01FC3A03F45403F43A03FC3BAA05F40A05F44F05FC3C07F44CAAAA
:2006380007F46407FC3D09F45809F479AA09FC3E0BF44E0BF48E0BFC3FA00DF50F7019D120
:200658001AB10FF9400FF452620FF4081CB01282AD0105771D12FCA6E14E5D05E30000A539
:20067800E854A87FD4022BF9F02BFCD42BF45E2BF0D66C614B0E2CF3CA2EF47816AA2CFB1C
:20069800D52EF4602EF44802FC894A02FCD631F46231F034714905FC959A05FCD734F464B2
:2006B80034F0D1314A5208F4CC37F076615409FCAB09FC55D838F46638F004D5405C03FC36
:2006D80045580DFCBC0DF0D0DFDE0366550166E6FAF0FF049149F091B00000F1D5ED0387D6
:2006F800105EF0214BB027E746F43F0CDDD1F63F5CA76F1945FF4BE83E74AA71F5D971F4F0
:20071800D473F40844FCDAAA73F4D675F40446FCDB75F4DCF677F4FC153AFF4AB4000028DD
:20073800DE00113075A000001300087F0008E001F000100018595000120111D007FFE30F3D
:2007580081D07505BFD0070270010081C032ED010410F0000201E413006120003127B94973
:20077800B185C5A81B4833CF53C001102ABF06013F06C5A716FFE309E92DD7605B30017545
:20079800027D2E02F503081BFFE2E05674FFEDCB3408FFEF044C0A189AD301004FC4140004
:2007B80020003101BF02E001B0FE003103040102204000FF7F0540014018060CFF1CA101F9
:2007D80004C0010101FB21410070D34A210043FF0298028460F805432F8AFF00FF0000185E
:2007F8001E700031552000342800343000343800343540003448003439978638FFE0485D16
:20081800CD02F1FFE1782470003180003455880034900034980034A000342835FF22E165F6
:200838000CF1FB0D40FE0D810DC0C9FD0E0069B15025F1DFFF0D9C016300200031B1914AE6
:20085800E9BFBD22B376E6FF16D9E1EA63FF0014FFE2FF44697374616E6365DF20286D6DAF
:2008780029FFE14368F36172AF90B73073746963AB2032010D33021D34032D358A08D9E4C8
:20089800B170F0F0B087BA26B8A7E851F01E71FFED3C5940F80201EB0094B670D087B01891
:2008B80000805F01A414140C31818C5B0462C251020005F410B98127CEFFE7839BAD003338
:2008D800F633B130BA3000316CAA00347400347C00348400348CAA00349400349C0034A4DB
:2008F8000034AC2A0034B40034BC0034C400345872FD7FBAB0020810120A0A0CC361C332BD
:200918009364FE1F044133FFF0007D00000042170020F4003059F8007000F10040007004C4
:2009380000927F2001010000D41E0174000044FFF000F30100000700B978150020EC01A8DC
:200958000252FC170133340100052000313C0034FFF0009D0000016CDC02007200C0CCEF25
:200978001400200300C4F1D6001F00EDE70000FFF000FD000004301400204815C700200111
:2009980001000031002920160300200031FFF0007B0100000F0018150020016100FFF00042
:2009B8009DB200006DEB000055EC0000003D00000030140020FFF000020000008709000015
:2009D800000F08000000FFF00001000000FFF00001000004FFF00001000004FFF00003001E
:2009F80000FFF0001805010008020020210901004401002049090100000100206A09010030
:200A1800A40100208909010078010020A7090100C8010020C4090100E4010020D009010086
:200A380008180020D809010000020020E0090100EC010020E7090100F0010020EE09010069
:0C0A5800F8010020F50901000402002054
:20E00000FF0000000000000000000000000000000000000000000000000000000000000001
:20E020000000000000000000000000000000000000000000000000000000000000000000E0
:20E040000000000000000000000000000000000000000000000000000000000000000000C0
:20E060000000000000000000000000000000000000000000000000000000000000000000A0
:20E08000000000000000000000000000000000000000000000000000000000000000000080
:20E0A000000000000000000000000000000000000000000000000000000000000000000060
:20E0C000000000000000000000000000000000000000000000000000000000000000000040
:20E0E000000000000000000000000000000000000000000000000000000000000000000020
:20E100000000000000000000000000000000000000000000000000000000000000000000FF
:20E120000000000000000000000000000000000000000000000000000000000000000000DF
:20E140000000000000000000000000000000000000000000000000000000000000000000BF
:20E1600000000000000000000000000000000000000000000000000000000000000000009F
:20E1800000000000000000000000000000000000000000000000000000000000000000007F
:20E1A00000000000000000000000000000000000000000000000000000000000000000005F
:20E1C00000000000000000000000000000000000000000000000000000000000000000003F
:20E1E00000000000000000000000000000000000000000000000000000000000000000001F
:20E200000000000000000000000000000000000000000000000000000000000000000000FE
:20E220000000000000000000000000000000000000000000000000000000000000000000DE
:20E240000000000000000000000000000000000000000000000000000000000000000000BE
:20E2600000000000000000000000000000000000000000000000000000000000000000009E
:20E2800000000000000000000000000000000000000000000000000000000000000000007E
:20E2A00000000000000000000000000000000000000000000000000000000000000000005E
:20E2C00000000000000000000000000000000000000000000000000000000000000000003E
:20E2E00000000000000000000000000000000000000000000000000000000000000000001E
:20E300000000000000000000000000000000000000000000000000000000000000000000FD
:20E320000000000000000000000000000000000000000000000000000000000000000000DD
:20E340000000000000000000000000000000000000000000000000000000000000000000BD
:20E3600000000000000000000000000000000000000000000000000000000000000000009D
:20E3800000000000000000000000000000000000000000000000000000000000000000007D
:20E3A00000000000000000000000000000000000000000000000000000000000000000005D
:20E3C00000000000000000000000000000000000000000000000000000000000000000003D
:20E3E00000000000000000000000000000000000000000000000000000000000000000001D
:20E400000000000000000000000000000000000000000000000000000000000000000000FC
:20E420000000000000000000000000000000000000000000000000000000000000000000DC
:20E440000000000000000000000000000000000000000000000000000000000000000000BC
:20E4600000000000000000000000000000000000000000000000000000000000000000009C
:20E4800000000000000000000000000000000000000000000000000000000000000000007C
:20E4A00000000000000000000000000000000000000000000000000000000000000000005C
:20E4C00000000000000000000000000000000000000000000000000000000000000000003C
:20E4E00000000000000000000000000000000000000000000000000000000000000000001C
:20E500000000000000000000000000000000000000000000000000000000000000000000FB
:20E520000000000000000000000000000000000000000000000000000000000000000000DB
:20E540000000000000000000000000000000000000000000000000000000000000000000BB
:20E5600000000000000000000000000000000000000000000000000000000000000000009B
:20E5800000000000000000000000000000000000000000000000000000000000000000007B
:20E5A00000000000000000000000000000000000000000000000000000000000000000005B
:20E5C00000000000000000000000000000000000000000000000000000000000000000003B
:20E5E00000000000000000000000000000000000000000000000000000000000000000001B
:20E600000000000000000000000000000000000000000000000000000000000000000000FA
:20E620000000000000000000000000000000000000000000000000000000000000000000DA
:20E640000000000000000000000000000000000000000000000000000000000000000000BA
:20E6600000000000000000000000000000000000000000000000000000000000000000009A
:20E6800000000000000000000000000000000000000000000000000000000000000000007A
:20E6A00000000000000000000000000000000000000000000000000000000000000000005A
:20E6C00000000000000000000000000000000000000000000000000000000000000000003A
:20E6E00000000000000000000000000000000000000000000000000000000000000000001A
:20E700000000000000000000000000000000000000000000000000000000000000000000F9
:20E720000000000000000000000000000000000000000000000000000000000000000000D9
:20E740000000000000000000000000000000000000000000000000000000000000000000B9
:20E76000000000000000000000000000000000000000000000000000000000000000000099
:20E78000000000000000000000000000000000000000000000000000000000000000000079
:20E7A000000000000000000000000000000000000000000000000000000000000000000059
:20E7C000000000000000000000000000000000000000000000000000000000000000000039
:20E7E000000000000000000000000000000000000000000000000000000000000000000019
:20E800000000000000000000000000000000000000000000000000000000000000000000F8
:20E820000000000000000000000000000000000000000000000000000000000000000000D8
:20E840000000000000000000000000000000000000000000000000000000000000000000B8
:20E86000000000000000000000000000000000000000000000000000000000000000000098
:20E88000000000000000000000000000000000000000000000000000000000000000000078
:20E8A000000000000000000000000000000000000000000000000000000000000000000058
:20E8C000000000000000000000000000000000000000000000000000000000000000000038
:20E8E000000000000000000000000000000000000000000000000000000000000000000018
:20E900000000000000000000000000000000000000000000000000000000000000000000F7
:20E920000000000000000000000000000000000000000000000000000000000000000000D7
:20E940000000000000000000000000000000000000000000000000000000000000000000B7
:20E96000000000000000000000000000000000000000000000000000000000000000000097
:20E98000000000000000000000000000000000000000000000000000000000000000000077
:20E9A000000000000000000000000000000000000000000000000000000000000000000057
:20E9C000000000000000000000000000000000000000000000000000000000000000000037
:20E9E000000000000000000000000000000000000000000000000000000000000000000017
:20EA00000000000000000000000000000000000000000000000000000000000000000000F6
:20EA20000000000000000000000000000000000000000000000000000000000000000000D6
:20EA40000000000000000000000000000000000000000000000000000000000000000000B6
:20EA6000000000000000000000000000000000000000000000000000000000000000000096
:20EA8000000000000000000000000000000000000000000000000000000000000000000076
:20EAA000000000000000000000000000000000000000000000000000000000000000000056
:20EAC000000000000000000000000000000000000000000000000000000000000000000036
:20EAE000000000000000000000000000000000000000000000000000000000000000000016
:20EB00000000000000000000000000000000000000000000000000000000000000000000F5
:20EB20000000000000000000000000000000000000000000000000000000000000000000D5
:20EB40000000000000000000000000000000000000000000000000000000000000000000B5
:20EB6000000000000000000000000000000000000000000000000000000000000000000095
:20EB8000000000000000000000000000000000000000000000000000000000000000000075
:20EBA000000000000000000000000000000000000000000000000000000000000000000055
:20EBC000000000000000000000000000000000000000000000000000000000000000000035
:20EBE000000000000000000000000000000000000000000000000000000000000000000015
:20EC00000000000000000000000000000000000000000000000000000000000000000000F4
:20EC20000000000000000000000000000000000000000000000000000000000000000000D4
:20EC40000000000000000000000000000000000000000000000000000000000000000000B4
:20EC6000000000000000000000000000000000000000000000000000000000000000000094
:20EC8000000000000000000000000000000000000000000000000000000000000000000074
:20ECA000000000000000000000000000000000000000000000000000000000000000000054
:20ECC000000000000000000000000000000000000000000000000000000000000000000034
:20ECE000000000000000000000000000000000000000000000000000000000000000000014
:20ED00000000000000000000000000000000000000000000000000000000000000000000F3
:20ED20000000000000000000000000000000000000000000000000000000000000000000D3
:20ED40000000000000000000000000000000000000000000000000000000000000000000B3
:20ED6000000000000000000000000000000000000000000000000000000000000000000093
:20ED8000000000000000000000000000000000000000000000000000000000000000000073
:20EDA000000000000000000000000000000000000000000000000000000000000000000053
:20EDC000000000000000000000000000000000000000000000000000000000000000000033
:20EDE000000000000000000000000000000000000000000000000000000000000000000013
:20EE00000000000000000000000000000000000000000000000000000000000000000000F2
:20EE20000000000000000000000000000000000000000000000000000000000000000000D2
:20EE40000000000000000000000000000000000000000000000000000000000000000000B2
:20EE6000000000000000000000000000000000000000000000000000000000000000000092
:20EE8000000000000000000000000000000000000000000000000000000000000000000072
:20EEA000000000000000000000000000000000000000000000000000000000000000000052
:20EEC000000000000000000000000000000000000000000000000000000000000000000032
:20EEE000000000000000000000000000000000000000000000000000000000000000000012
:20EF00000000000000000000000000000000000000000000000000000000000000000000F1
:20EF20000000000000000000000000000000000000000000000000000000000000000000D1
:20EF40000000000000000000000000000000000000000000000000000000000000000000B1
:20EF6000000000000000000000000000000000000000000000000000000000000000000091
:20EF8000000000000000000000000000000000000000000000000000000000000000000071
:20EFA000000000000000000000000000000000000000000000000000000000000000000051
:20EFC000000000000000000000000000000000000000000000000000000000000000000031
:20EFE000000000000000000000000000000000000000000000000000000000000000000011
:20FFA80000008001100082FFFDFF58003AFFBFF3FFFFFFFFFFFFFFFFFFFFFFFFFFFFFFFFF8
:20FFC800FFFFFFFFFFFFFFFFFFFFFFFFFFFFFFFFFFFFFF00FFFFFFFF00FFFFFFC500C5FFAA
:18FFE800000000FF00000000FFFFFFFFFFFFFFFFFFFFFFFFFFFFFFFF12
:00000001FF
